[{"url":"https:\/\/api.github.com\/repos\/danpros\/htmly\/releases\/2482239","assets_url":"https:\/\/api.github.com\/repos\/danpros\/htmly\/releases\/2482239\/assets","upload_url":"https:\/\/uploads.github.com\/repos\/danpros\/htmly\/releases\/2482239\/assets{?name,label}","html_url":"https:\/\/github.com\/danpros\/htmly\/releases\/tag\/v2.7.4","id":2482239,"tag_name":"v2.7.4","target_commitish":"master","name":"Composer Vendor Update and Improvements","draft":false,"author":{"login":"danpros","id":595983,"avatar_url":"https:\/\/avatars2.githubusercontent.com\/u\/595983?v=4","gravatar_id":"","url":"https:\/\/api.github.com\/users\/danpros","html_url":"https:\/\/github.com\/danpros","followers_url":"https:\/\/api.github.com\/users\/danpros\/followers","following_url":"https:\/\/api.github.com\/users\/danpros\/following{\/other_user}","gists_url":"https:\/\/api.github.com\/users\/danpros\/gists{\/gist_id}","starred_url":"https:\/\/api.github.com\/users\/danpros\/starred{\/owner}{\/repo}","subscriptions_url":"https:\/\/api.github.com\/users\/danpros\/subscriptions","organizations_url":"https:\/\/api.github.com\/users\/danpros\/orgs","repos_url":"https:\/\/api.github.com\/users\/danpros\/repos","events_url":"https:\/\/api.github.com\/users\/danpros\/events{\/privacy}","received_events_url":"https:\/\/api.github.com\/users\/danpros\/received_events","type":"User","site_admin":false},"prerelease":false,"created_at":"2016-01-24T14:35:29Z","published_at":"2016-01-24T14:46:03Z","assets":[{"url":"https:\/\/api.github.com\/repos\/danpros\/htmly\/releases\/assets\/1240183","id":1240183,"name":"installer.php","label":null,"uploader":{"login":"danpros","id":595983,"avatar_url":"https:\/\/avatars2.githubusercontent.com\/u\/595983?v=4","gravatar_id":"","url":"https:\/\/api.github.com\/users\/danpros","html_url":"https:\/\/github.com\/danpros","followers_url":"https:\/\/api.github.com\/users\/danpros\/followers","following_url":"https:\/\/api.github.com\/users\/danpros\/following{\/other_user}","gists_url":"https:\/\/api.github.com\/users\/danpros\/gists{\/gist_id}","starred_url":"https:\/\/api.github.com\/users\/danpros\/starred{\/owner}{\/repo}","subscriptions_url":"https:\/\/api.github.com\/users\/danpros\/subscriptions","organizations_url":"https:\/\/api.github.com\/users\/danpros\/orgs","repos_url":"https:\/\/api.github.com\/users\/danpros\/repos","events_url":"https:\/\/api.github.com\/users\/danpros\/events{\/privacy}","received_events_url":"https:\/\/api.github.com\/users\/danpros\/received_events","type":"User","site_admin":false},"content_type":"application\/octet-stream","state":"uploaded","size":276438,"download_count":9692,"created_at":"2016-01-24T14:45:49Z","updated_at":"2016-01-24T14:46:01Z","browser_download_url":"https:\/\/github.com\/danpros\/htmly\/releases\/download\/v2.7.4\/installer.php"}],"tarball_url":"https:\/\/api.github.com\/repos\/danpros\/htmly\/tarball\/v2.7.4","zipball_url":"https:\/\/api.github.com\/repos\/danpros\/htmly\/zipball\/v2.7.4","body":"What's new:\n- Updating the composer vendor.\n- Improvements. Eg. The meta generator will displaying the installed version.\n- Bugs fixes. \n"},{"url":"https:\/\/api.github.com\/repos\/danpros\/htmly\/releases\/2403233","assets_url":"https:\/\/api.github.com\/repos\/danpros\/htmly\/releases\/2403233\/assets","upload_url":"https:\/\/uploads.github.com\/repos\/danpros\/htmly\/releases\/2403233\/assets{?name,label}","html_url":"https:\/\/github.com\/danpros\/htmly\/releases\/tag\/v2.7.3","id":2403233,"tag_name":"v2.7.3","target_commitish":"master","name":"Quick fixes: Frontpage and Profile","draft":false,"author":{"login":"danpros","id":595983,"avatar_url":"https:\/\/avatars2.githubusercontent.com\/u\/595983?v=4","gravatar_id":"","url":"https:\/\/api.github.com\/users\/danpros","html_url":"https:\/\/github.com\/danpros","followers_url":"https:\/\/api.github.com\/users\/danpros\/followers","following_url":"https:\/\/api.github.com\/users\/danpros\/following{\/other_user}","gists_url":"https:\/\/api.github.com\/users\/danpros\/gists{\/gist_id}","starred_url":"https:\/\/api.github.com\/users\/danpros\/starred{\/owner}{\/repo}","subscriptions_url":"https:\/\/api.github.com\/users\/danpros\/subscriptions","organizations_url":"https:\/\/api.github.com\/users\/danpros\/orgs","repos_url":"https:\/\/api.github.com\/users\/danpros\/repos","events_url":"https:\/\/api.github.com\/users\/danpros\/events{\/privacy}","received_events_url":"https:\/\/api.github.com\/users\/danpros\/received_events","type":"User","site_admin":false},"prerelease":false,"created_at":"2016-01-11T06:32:09Z","published_at":"2016-01-11T06:34:09Z","assets":[{"url":"https:\/\/api.github.com\/repos\/danpros\/htmly\/releases\/assets\/1198657","id":1198657,"name":"installer.php","label":null,"uploader":{"login":"danpros","id":595983,"avatar_url":"https:\/\/avatars2.githubusercontent.com\/u\/595983?v=4","gravatar_id":"","url":"https:\/\/api.github.com\/users\/danpros","html_url":"https:\/\/github.com\/danpros","followers_url":"https:\/\/api.github.com\/users\/danpros\/followers","following_url":"https:\/\/api.github.com\/users\/danpros\/following{\/other_user}","gists_url":"https:\/\/api.github.com\/users\/danpros\/gists{\/gist_id}","starred_url":"https:\/\/api.github.com\/users\/danpros\/starred{\/owner}{\/repo}","subscriptions_url":"https:\/\/api.github.com\/users\/danpros\/subscriptions","organizations_url":"https:\/\/api.github.com\/users\/danpros\/orgs","repos_url":"https:\/\/api.github.com\/users\/danpros\/repos","events_url":"https:\/\/api.github.com\/users\/danpros\/events{\/privacy}","received_events_url":"https:\/\/api.github.com\/users\/danpros\/received_events","type":"User","site_admin":false},"content_type":"application\/octet-stream","state":"uploaded","size":276438,"download_count":207,"created_at":"2016-01-11T06:33:58Z","updated_at":"2016-01-11T06:34:06Z","browser_download_url":"https:\/\/github.com\/danpros\/htmly\/releases\/download\/v2.7.3\/installer.php"}],"tarball_url":"https:\/\/api.github.com\/repos\/danpros\/htmly\/tarball\/v2.7.3","zipball_url":"https:\/\/api.github.com\/repos\/danpros\/htmly\/zipball\/v2.7.3","body":"My mistakes, small changes but make the edit static frontpage and profile not usable.\n"},{"url":"https:\/\/api.github.com\/repos\/danpros\/htmly\/releases\/2398379","assets_url":"https:\/\/api.github.com\/repos\/danpros\/htmly\/releases\/2398379\/assets","upload_url":"https:\/\/uploads.github.com\/repos\/danpros\/htmly\/releases\/2398379\/assets{?name,label}","html_url":"https:\/\/github.com\/danpros\/htmly\/releases\/tag\/v2.7.2","id":2398379,"tag_name":"v2.7.2","target_commitish":"master","name":"Performance tweak and bugs fixes","draft":false,"author":{"login":"danpros","id":595983,"avatar_url":"https:\/\/avatars2.githubusercontent.com\/u\/595983?v=4","gravatar_id":"","url":"https:\/\/api.github.com\/users\/danpros","html_url":"https:\/\/github.com\/danpros","followers_url":"https:\/\/api.github.com\/users\/danpros\/followers","following_url":"https:\/\/api.github.com\/users\/danpros\/following{\/other_user}","gists_url":"https:\/\/api.github.com\/users\/danpros\/gists{\/gist_id}","starred_url":"https:\/\/api.github.com\/users\/danpros\/starred{\/owner}{\/repo}","subscriptions_url":"https:\/\/api.github.com\/users\/danpros\/subscriptions","organizations_url":"https:\/\/api.github.com\/users\/danpros\/orgs","repos_url":"https:\/\/api.github.com\/users\/danpros\/repos","events_url":"https:\/\/api.github.com\/users\/danpros\/events{\/privacy}","received_events_url":"https:\/\/api.github.com\/users\/danpros\/received_events","type":"User","site_admin":false},"prerelease":false,"created_at":"2016-01-09T05:30:23Z","published_at":"2016-01-09T05:51:52Z","assets":[{"url":"https:\/\/api.github.com\/repos\/danpros\/htmly\/releases\/assets\/1195087","id":1195087,"name":"installer.php","label":null,"uploader":{"login":"danpros","id":595983,"avatar_url":"https:\/\/avatars2.githubusercontent.com\/u\/595983?v=4","gravatar_id":"","url":"https:\/\/api.github.com\/users\/danpros","html_url":"https:\/\/github.com\/danpros","followers_url":"https:\/\/api.github.com\/users\/danpros\/followers","following_url":"https:\/\/api.github.com\/users\/danpros\/following{\/other_user}","gists_url":"https:\/\/api.github.com\/users\/danpros\/gists{\/gist_id}","starred_url":"https:\/\/api.github.com\/users\/danpros\/starred{\/owner}{\/repo}","subscriptions_url":"https:\/\/api.github.com\/users\/danpros\/subscriptions","organizations_url":"https:\/\/api.github.com\/users\/danpros\/orgs","repos_url":"https:\/\/api.github.com\/users\/danpros\/repos","events_url":"https:\/\/api.github.com\/users\/danpros\/events{\/privacy}","received_events_url":"https:\/\/api.github.com\/users\/danpros\/received_events","type":"User","site_admin":false},"content_type":"application\/octet-stream","state":"uploaded","size":276438,"download_count":48,"created_at":"2016-01-09T05:51:42Z","updated_at":"2016-01-09T05:51:51Z","browser_download_url":"https:\/\/github.com\/danpros\/htmly\/releases\/download\/v2.7.2\/installer.php"}],"tarball_url":"https:\/\/api.github.com\/repos\/danpros\/htmly\/tarball\/v2.7.2","zipball_url":"https:\/\/api.github.com\/repos\/danpros\/htmly\/zipball\/v2.7.2","body":"What's new:\n-  Improve performance. The category index created to speed up the page load across many pages. \n-  Template improvements.\n-  Bugs fixes. See #236\n"},{"url":"https:\/\/api.github.com\/repos\/danpros\/htmly\/releases\/2366508","assets_url":"https:\/\/api.github.com\/repos\/danpros\/htmly\/releases\/2366508\/assets","upload_url":"https:\/\/uploads.github.com\/repos\/danpros\/htmly\/releases\/2366508\/assets{?name,label}","html_url":"https:\/\/github.com\/danpros\/htmly\/releases\/tag\/v2.7.1","id":2366508,"tag_name":"v2.7.1","target_commitish":"master","name":"Fix footnote link","draft":false,"author":{"login":"danpros","id":595983,"avatar_url":"https:\/\/avatars2.githubusercontent.com\/u\/595983?v=4","gravatar_id":"","url":"https:\/\/api.github.com\/users\/danpros","html_url":"https:\/\/github.com\/danpros","followers_url":"https:\/\/api.github.com\/users\/danpros\/followers","following_url":"https:\/\/api.github.com\/users\/danpros\/following{\/other_user}","gists_url":"https:\/\/api.github.com\/users\/danpros\/gists{\/gist_id}","starred_url":"https:\/\/api.github.com\/users\/danpros\/starred{\/owner}{\/repo}","subscriptions_url":"https:\/\/api.github.com\/users\/danpros\/subscriptions","organizations_url":"https:\/\/api.github.com\/users\/danpros\/orgs","repos_url":"https:\/\/api.github.com\/users\/danpros\/repos","events_url":"https:\/\/api.github.com\/users\/danpros\/events{\/privacy}","received_events_url":"https:\/\/api.github.com\/users\/danpros\/received_events","type":"User","site_admin":false},"prerelease":false,"created_at":"2016-01-04T02:19:19Z","published_at":"2016-01-04T02:21:37Z","assets":[{"url":"https:\/\/api.github.com\/repos\/danpros\/htmly\/releases\/assets\/1173758","id":1173758,"name":"installer.php","label":null,"uploader":{"login":"danpros","id":595983,"avatar_url":"https:\/\/avatars2.githubusercontent.com\/u\/595983?v=4","gravatar_id":"","url":"https:\/\/api.github.com\/users\/danpros","html_url":"https:\/\/github.com\/danpros","followers_url":"https:\/\/api.github.com\/users\/danpros\/followers","following_url":"https:\/\/api.github.com\/users\/danpros\/following{\/other_user}","gists_url":"https:\/\/api.github.com\/users\/danpros\/gists{\/gist_id}","starred_url":"https:\/\/api.github.com\/users\/danpros\/starred{\/owner}{\/repo}","subscriptions_url":"https:\/\/api.github.com\/users\/danpros\/subscriptions","organizations_url":"https:\/\/api.github.com\/users\/danpros\/orgs","repos_url":"https:\/\/api.github.com\/users\/danpros\/repos","events_url":"https:\/\/api.github.com\/users\/danpros\/events{\/privacy}","received_events_url":"https:\/\/api.github.com\/users\/danpros\/received_events","type":"User","site_admin":false},"content_type":"application\/octet-stream","state":"uploaded","size":276438,"download_count":79,"created_at":"2016-01-04T02:21:26Z","updated_at":"2016-01-04T02:21:34Z","browser_download_url":"https:\/\/github.com\/danpros\/htmly\/releases\/download\/v2.7.1\/installer.php"}],"tarball_url":"https:\/\/api.github.com\/repos\/danpros\/htmly\/tarball\/v2.7.1","zipball_url":"https:\/\/api.github.com\/repos\/danpros\/htmly\/zipball\/v2.7.1","body":"What's new:\n- Fix the footnote link on teaser. Use absolute URL.\n- Fix theme for the new read more. Make sure to use the updated theme. \n"},{"url":"https:\/\/api.github.com\/repos\/danpros\/htmly\/releases\/2361645","assets_url":"https:\/\/api.github.com\/repos\/danpros\/htmly\/releases\/2361645\/assets","upload_url":"https:\/\/uploads.github.com\/repos\/danpros\/htmly\/releases\/2361645\/assets{?name,label}","html_url":"https:\/\/github.com\/danpros\/htmly\/releases\/tag\/v2.7.0","id":2361645,"tag_name":"v2.7.0","target_commitish":"master","name":"Happy New Year 2016","draft":false,"author":{"login":"danpros","id":595983,"avatar_url":"https:\/\/avatars2.githubusercontent.com\/u\/595983?v=4","gravatar_id":"","url":"https:\/\/api.github.com\/users\/danpros","html_url":"https:\/\/github.com\/danpros","followers_url":"https:\/\/api.github.com\/users\/danpros\/followers","following_url":"https:\/\/api.github.com\/users\/danpros\/following{\/other_user}","gists_url":"https:\/\/api.github.com\/users\/danpros\/gists{\/gist_id}","starred_url":"https:\/\/api.github.com\/users\/danpros\/starred{\/owner}{\/repo}","subscriptions_url":"https:\/\/api.github.com\/users\/danpros\/subscriptions","organizations_url":"https:\/\/api.github.com\/users\/danpros\/orgs","repos_url":"https:\/\/api.github.com\/users\/danpros\/repos","events_url":"https:\/\/api.github.com\/users\/danpros\/events{\/privacy}","received_events_url":"https:\/\/api.github.com\/users\/danpros\/received_events","type":"User","site_admin":false},"prerelease":false,"created_at":"2016-01-01T19:03:45Z","published_at":"2016-01-01T19:06:07Z","assets":[{"url":"https:\/\/api.github.com\/repos\/danpros\/htmly\/releases\/assets\/1169645","id":1169645,"name":"installer.php","label":null,"uploader":{"login":"danpros","id":595983,"avatar_url":"https:\/\/avatars2.githubusercontent.com\/u\/595983?v=4","gravatar_id":"","url":"https:\/\/api.github.com\/users\/danpros","html_url":"https:\/\/github.com\/danpros","followers_url":"https:\/\/api.github.com\/users\/danpros\/followers","following_url":"https:\/\/api.github.com\/users\/danpros\/following{\/other_user}","gists_url":"https:\/\/api.github.com\/users\/danpros\/gists{\/gist_id}","starred_url":"https:\/\/api.github.com\/users\/danpros\/starred{\/owner}{\/repo}","subscriptions_url":"https:\/\/api.github.com\/users\/danpros\/subscriptions","organizations_url":"https:\/\/api.github.com\/users\/danpros\/orgs","repos_url":"https:\/\/api.github.com\/users\/danpros\/repos","events_url":"https:\/\/api.github.com\/users\/danpros\/events{\/privacy}","received_events_url":"https:\/\/api.github.com\/users\/danpros\/received_events","type":"User","site_admin":false},"content_type":"application\/octet-stream","state":"uploaded","size":276438,"download_count":27,"created_at":"2016-01-01T19:05:28Z","updated_at":"2016-01-01T19:05:38Z","browser_download_url":"https:\/\/github.com\/danpros\/htmly\/releases\/download\/v2.7.0\/installer.php"}],"tarball_url":"https:\/\/api.github.com\/repos\/danpros\/htmly\/tarball\/v2.7.0","zipball_url":"https:\/\/api.github.com\/repos\/danpros\/htmly\/zipball\/v2.7.0","body":"What's new:\n-  The ported WP theme (Twenty Fifteen and Twenty Sixteen) include with the package since its a GPL theme\n-  You can use `<!--more-->` tag to cut the teaser when using teaser type full\n-  New widget `category_list()`\n-  List post based on content type `www.example.com\/type\/image`\n"},{"url":"https:\/\/api.github.com\/repos\/danpros\/htmly\/releases\/2336042","assets_url":"https:\/\/api.github.com\/repos\/danpros\/htmly\/releases\/2336042\/assets","upload_url":"https:\/\/uploads.github.com\/repos\/danpros\/htmly\/releases\/2336042\/assets{?name,label}","html_url":"https:\/\/github.com\/danpros\/htmly\/releases\/tag\/v2.6.9","id":2336042,"tag_name":"v2.6.9","target_commitish":"master","name":"Support URLs written in Chinese, Japanese, Arabic etc.","draft":false,"author":{"login":"danpros","id":595983,"avatar_url":"https:\/\/avatars2.githubusercontent.com\/u\/595983?v=4","gravatar_id":"","url":"https:\/\/api.github.com\/users\/danpros","html_url":"https:\/\/github.com\/danpros","followers_url":"https:\/\/api.github.com\/users\/danpros\/followers","following_url":"https:\/\/api.github.com\/users\/danpros\/following{\/other_user}","gists_url":"https:\/\/api.github.com\/users\/danpros\/gists{\/gist_id}","starred_url":"https:\/\/api.github.com\/users\/danpros\/starred{\/owner}{\/repo}","subscriptions_url":"https:\/\/api.github.com\/users\/danpros\/subscriptions","organizations_url":"https:\/\/api.github.com\/users\/danpros\/orgs","repos_url":"https:\/\/api.github.com\/users\/danpros\/repos","events_url":"https:\/\/api.github.com\/users\/danpros\/events{\/privacy}","received_events_url":"https:\/\/api.github.com\/users\/danpros\/received_events","type":"User","site_admin":false},"prerelease":false,"created_at":"2015-12-24T01:02:55Z","published_at":"2015-12-24T01:13:00Z","assets":[{"url":"https:\/\/api.github.com\/repos\/danpros\/htmly\/releases\/assets\/1155298","id":1155298,"name":"installer.php","label":null,"uploader":{"login":"danpros","id":595983,"avatar_url":"https:\/\/avatars2.githubusercontent.com\/u\/595983?v=4","gravatar_id":"","url":"https:\/\/api.github.com\/users\/danpros","html_url":"https:\/\/github.com\/danpros","followers_url":"https:\/\/api.github.com\/users\/danpros\/followers","following_url":"https:\/\/api.github.com\/users\/danpros\/following{\/other_user}","gists_url":"https:\/\/api.github.com\/users\/danpros\/gists{\/gist_id}","starred_url":"https:\/\/api.github.com\/users\/danpros\/starred{\/owner}{\/repo}","subscriptions_url":"https:\/\/api.github.com\/users\/danpros\/subscriptions","organizations_url":"https:\/\/api.github.com\/users\/danpros\/orgs","repos_url":"https:\/\/api.github.com\/users\/danpros\/repos","events_url":"https:\/\/api.github.com\/users\/danpros\/events{\/privacy}","received_events_url":"https:\/\/api.github.com\/users\/danpros\/received_events","type":"User","site_admin":false},"content_type":"application\/octet-stream","state":"uploaded","size":276438,"download_count":110,"created_at":"2015-12-24T01:12:41Z","updated_at":"2015-12-24T01:12:54Z","browser_download_url":"https:\/\/github.com\/danpros\/htmly\/releases\/download\/v2.6.9\/installer.php"}],"tarball_url":"https:\/\/api.github.com\/repos\/danpros\/htmly\/tarball\/v2.6.9","zipball_url":"https:\/\/api.github.com\/repos\/danpros\/htmly\/zipball\/v2.6.9","body":"**What's new?**\n\nLike the release title. Now HTMLy support non latin char for any URLs (eg. slug for post, tag, category). Well simple changes\/fixes from previous version actually but very important since it can make HTMLy usable in many cases.\n\nHTMLy try to convert to latin and if it can't than HTMLy will use the URL as is.\n\n## Previous Release\n\n### HTMLy v2.6.8\n\n**What's new:**\n- Improving template engine.\n- Cache expiration.\n- Bugs fixes.\n\n### Template improvements\n\nSometimes we need custom layout for all of things. New available template files.\n\n**Front page**\n\n```\nlayout--front.html.php \/\/ only layout for front page\nstatic--front.html.php \/\/ main content if we use static frontpage\nmain--front.html.php \/\/ main content if we use dynamic frontpage\n```\n\n**Blog**\n\nThis is for `\/blog` url.\n\n```\nlayout--blog.html.php\nmain--blog.html.php\n```\n\n**Static page**\n\nExample is for `\/about` page\n\n```\nlayout--static--about.html.php \/\/ only layout for `\/about` page\nlayout--static.html.php \/\/ layout for all static page\nstatic--about.html.php \/\/ main content for `\/about' page\n```\n\n**Sub static page**\n\nExample this is `\/about\/me` page\n\n```\nlayout--static--about--me.html.php \/\/ only layout for `\/about\/me` page\nlayout--static--about.html.php \/\/ parent template\nstatic--about--me.html.php \/\/ main content for `\/about\/me' page\nstatic--about.html.php \/\/ main content for parent template\n```\n\n**Blog post**\n\nThe blog post only available styling based on category.\n\n```\nlayout--post--uncategorized.html.php \/\/ layout for all blog post with uncategorized category\nlayout--post.html.php \/\/ layout for all blog post\npost--uncategorized.html.php \/\/ main content for individual post with uncategorized category.\n```\n\n**Category**\n\nExample is uncategorized category.\n\n```\nlayout--category--uncategorized.html.php\nlayout--category.html.php\nmain--category--uncategorized.html.php\nmain--category.html.php\n```\n\n**Tags**\n\nExample is post tagged: github.\n\n```\nlayout--tag--github.html.php\nlayout--tag.html.php\nmain--tag--github.html.php\nmain--tag.html.php\n```\n\n**Archive**\n\n```\nlayout--archive.html.php\nmain--archive.html.php\n```\n\n**Search**\n\n```\nlayout--search.html.php\nmain--search.html.php\n```\n\n### Cache expiration\n\nFor new installation this options already available inside config.ini but for existing installation you need to add it manually if you want to override the value. The default value is 6 hours.\n\n```\ncache.expiration = \"6\"\n```\n"},{"url":"https:\/\/api.github.com\/repos\/danpros\/htmly\/releases\/2321143","assets_url":"https:\/\/api.github.com\/repos\/danpros\/htmly\/releases\/2321143\/assets","upload_url":"https:\/\/uploads.github.com\/repos\/danpros\/htmly\/releases\/2321143\/assets{?name,label}","html_url":"https:\/\/github.com\/danpros\/htmly\/releases\/tag\/v2.6.8","id":2321143,"tag_name":"v2.6.8","target_commitish":"master","name":"Improving Template Engine & Cache Expiration","draft":false,"author":{"login":"danpros","id":595983,"avatar_url":"https:\/\/avatars2.githubusercontent.com\/u\/595983?v=4","gravatar_id":"","url":"https:\/\/api.github.com\/users\/danpros","html_url":"https:\/\/github.com\/danpros","followers_url":"https:\/\/api.github.com\/users\/danpros\/followers","following_url":"https:\/\/api.github.com\/users\/danpros\/following{\/other_user}","gists_url":"https:\/\/api.github.com\/users\/danpros\/gists{\/gist_id}","starred_url":"https:\/\/api.github.com\/users\/danpros\/starred{\/owner}{\/repo}","subscriptions_url":"https:\/\/api.github.com\/users\/danpros\/subscriptions","organizations_url":"https:\/\/api.github.com\/users\/danpros\/orgs","repos_url":"https:\/\/api.github.com\/users\/danpros\/repos","events_url":"https:\/\/api.github.com\/users\/danpros\/events{\/privacy}","received_events_url":"https:\/\/api.github.com\/users\/danpros\/received_events","type":"User","site_admin":false},"prerelease":false,"created_at":"2015-12-21T11:42:49Z","published_at":"2015-12-21T12:29:58Z","assets":[{"url":"https:\/\/api.github.com\/repos\/danpros\/htmly\/releases\/assets\/1147788","id":1147788,"name":"installer.php","label":null,"uploader":{"login":"danpros","id":595983,"avatar_url":"https:\/\/avatars2.githubusercontent.com\/u\/595983?v=4","gravatar_id":"","url":"https:\/\/api.github.com\/users\/danpros","html_url":"https:\/\/github.com\/danpros","followers_url":"https:\/\/api.github.com\/users\/danpros\/followers","following_url":"https:\/\/api.github.com\/users\/danpros\/following{\/other_user}","gists_url":"https:\/\/api.github.com\/users\/danpros\/gists{\/gist_id}","starred_url":"https:\/\/api.github.com\/users\/danpros\/starred{\/owner}{\/repo}","subscriptions_url":"https:\/\/api.github.com\/users\/danpros\/subscriptions","organizations_url":"https:\/\/api.github.com\/users\/danpros\/orgs","repos_url":"https:\/\/api.github.com\/users\/danpros\/repos","events_url":"https:\/\/api.github.com\/users\/danpros\/events{\/privacy}","received_events_url":"https:\/\/api.github.com\/users\/danpros\/received_events","type":"User","site_admin":false},"content_type":"application\/octet-stream","state":"uploaded","size":276438,"download_count":30,"created_at":"2015-12-21T12:29:32Z","updated_at":"2015-12-21T12:29:50Z","browser_download_url":"https:\/\/github.com\/danpros\/htmly\/releases\/download\/v2.6.8\/installer.php"}],"tarball_url":"https:\/\/api.github.com\/repos\/danpros\/htmly\/tarball\/v2.6.8","zipball_url":"https:\/\/api.github.com\/repos\/danpros\/htmly\/zipball\/v2.6.8","body":"**What's new:**\n- Improving template engine.\n- Cache expiration.\n- Bugs fixes.\n\n### Template improvements\n\nSometimes we need custom layout for all of things. New available template files.\n\n**Front page**\n\n```\nlayout--front.html.php \/\/ only layout for front page\nstatic--front.html.php \/\/ main content if we use static frontpage\nmain--front.html.php \/\/ main content if we use dynamic frontpage\n```\n\n**Blog**\n\nThis is for `\/blog` url.\n\n```\nlayout--blog.html.php\nmain--blog.html.php\n```\n\n**Static page**\n\nExample is for `\/about` page\n\n```\nlayout--static--about.html.php \/\/ only layout for `\/about` page\nlayout--static.html.php \/\/ layout for all static page\nstatic--about.html.php \/\/ main content for `\/about' page\n```\n\n**Sub static page**\n\nExample this is `\/about\/me` page\n\n```\nlayout--static--about--me.html.php \/\/ only layout for `\/about\/me` page\nlayout--static--about.html.php \/\/ parent template\nstatic--about--me.html.php \/\/ main content for `\/about\/me' page\nstatic--about.html.php \/\/ main content for parent template\n```\n\n**Blog post**\n\nThe blog post only available styling based on category.\n\n```\nlayout--post--uncategorized.html.php \/\/ layout for all blog post with uncategorized category\nlayout--post.html.php \/\/ layout for all blog post\npost--uncategorized.html.php \/\/ main content for individual post with uncategorized category.\n```\n\n**Category**\n\nExample is uncategorized category.\n\n```\nlayout--category--uncategorized.html.php\nlayout--category.html.php\nmain--category--uncategorized.html.php\nmain--category.html.php\n```\n\n**Tags**\n\nExample is post tagged: github.\n\n```\nlayout--tag--github.html.php\nlayout--tag.html.php\nmain--tag--github.html.php\nmain--tag.html.php\n```\n\n**Archive**\n\n```\nlayout--archive.html.php\nmain--archive.html.php\n```\n\n**Search**\n\n```\nlayout--search.html.php\nmain--search.html.php\n```\n\n### Cache expiration\n\nFor new installation this options already available inside config.ini but for existing installation you need to add it manually if you want to override the value. The default value is 6 hours.\n\n```\ncache.expiration = \"6\"\n```\n"},{"url":"https:\/\/api.github.com\/repos\/danpros\/htmly\/releases\/2214151","assets_url":"https:\/\/api.github.com\/repos\/danpros\/htmly\/releases\/2214151\/assets","upload_url":"https:\/\/uploads.github.com\/repos\/danpros\/htmly\/releases\/2214151\/assets{?name,label}","html_url":"https:\/\/github.com\/danpros\/htmly\/releases\/tag\/v2.6.7","id":2214151,"tag_name":"v2.6.7","target_commitish":"master","name":"Maintenance release and bugs fixes","draft":false,"author":{"login":"danpros","id":595983,"avatar_url":"https:\/\/avatars2.githubusercontent.com\/u\/595983?v=4","gravatar_id":"","url":"https:\/\/api.github.com\/users\/danpros","html_url":"https:\/\/github.com\/danpros","followers_url":"https:\/\/api.github.com\/users\/danpros\/followers","following_url":"https:\/\/api.github.com\/users\/danpros\/following{\/other_user}","gists_url":"https:\/\/api.github.com\/users\/danpros\/gists{\/gist_id}","starred_url":"https:\/\/api.github.com\/users\/danpros\/starred{\/owner}{\/repo}","subscriptions_url":"https:\/\/api.github.com\/users\/danpros\/subscriptions","organizations_url":"https:\/\/api.github.com\/users\/danpros\/orgs","repos_url":"https:\/\/api.github.com\/users\/danpros\/repos","events_url":"https:\/\/api.github.com\/users\/danpros\/events{\/privacy}","received_events_url":"https:\/\/api.github.com\/users\/danpros\/received_events","type":"User","site_admin":false},"prerelease":false,"created_at":"2015-12-01T15:47:16Z","published_at":"2015-12-01T15:49:17Z","assets":[{"url":"https:\/\/api.github.com\/repos\/danpros\/htmly\/releases\/assets\/1144721","id":1144721,"name":"installer.php","label":null,"uploader":{"login":"danpros","id":595983,"avatar_url":"https:\/\/avatars2.githubusercontent.com\/u\/595983?v=4","gravatar_id":"","url":"https:\/\/api.github.com\/users\/danpros","html_url":"https:\/\/github.com\/danpros","followers_url":"https:\/\/api.github.com\/users\/danpros\/followers","following_url":"https:\/\/api.github.com\/users\/danpros\/following{\/other_user}","gists_url":"https:\/\/api.github.com\/users\/danpros\/gists{\/gist_id}","starred_url":"https:\/\/api.github.com\/users\/danpros\/starred{\/owner}{\/repo}","subscriptions_url":"https:\/\/api.github.com\/users\/danpros\/subscriptions","organizations_url":"https:\/\/api.github.com\/users\/danpros\/orgs","repos_url":"https:\/\/api.github.com\/users\/danpros\/repos","events_url":"https:\/\/api.github.com\/users\/danpros\/events{\/privacy}","received_events_url":"https:\/\/api.github.com\/users\/danpros\/received_events","type":"User","site_admin":false},"content_type":"application\/octet-stream","state":"uploaded","size":276438,"download_count":24,"created_at":"2015-12-19T18:39:38Z","updated_at":"2015-12-19T18:39:50Z","browser_download_url":"https:\/\/github.com\/danpros\/htmly\/releases\/download\/v2.6.7\/installer.php"}],"tarball_url":"https:\/\/api.github.com\/repos\/danpros\/htmly\/tarball\/v2.6.7","zipball_url":"https:\/\/api.github.com\/repos\/danpros\/htmly\/zipball\/v2.6.7","body":"What's new:\n- Simplify the admin panel codes for better future developments.\n- Update the themes.\n- Bugs fixes.\n"},{"url":"https:\/\/api.github.com\/repos\/danpros\/htmly\/releases\/2170202","assets_url":"https:\/\/api.github.com\/repos\/danpros\/htmly\/releases\/2170202\/assets","upload_url":"https:\/\/uploads.github.com\/repos\/danpros\/htmly\/releases\/2170202\/assets{?name,label}","html_url":"https:\/\/github.com\/danpros\/htmly\/releases\/tag\/v2.6.6","id":2170202,"tag_name":"v2.6.6","target_commitish":"master","name":"Multi Language Improvements, Pager Algorithm","draft":false,"author":{"login":"danpros","id":595983,"avatar_url":"https:\/\/avatars2.githubusercontent.com\/u\/595983?v=4","gravatar_id":"","url":"https:\/\/api.github.com\/users\/danpros","html_url":"https:\/\/github.com\/danpros","followers_url":"https:\/\/api.github.com\/users\/danpros\/followers","following_url":"https:\/\/api.github.com\/users\/danpros\/following{\/other_user}","gists_url":"https:\/\/api.github.com\/users\/danpros\/gists{\/gist_id}","starred_url":"https:\/\/api.github.com\/users\/danpros\/starred{\/owner}{\/repo}","subscriptions_url":"https:\/\/api.github.com\/users\/danpros\/subscriptions","organizations_url":"https:\/\/api.github.com\/users\/danpros\/orgs","repos_url":"https:\/\/api.github.com\/users\/danpros\/repos","events_url":"https:\/\/api.github.com\/users\/danpros\/events{\/privacy}","received_events_url":"https:\/\/api.github.com\/users\/danpros\/received_events","type":"User","site_admin":false},"prerelease":false,"created_at":"2015-11-23T11:54:56Z","published_at":"2015-11-23T12:07:37Z","assets":[{"url":"https:\/\/api.github.com\/repos\/danpros\/htmly\/releases\/assets\/1081154","id":1081154,"name":"htmly-installer.php","label":null,"uploader":{"login":"Kanti","id":471387,"avatar_url":"https:\/\/avatars2.githubusercontent.com\/u\/471387?v=4","gravatar_id":"","url":"https:\/\/api.github.com\/users\/Kanti","html_url":"https:\/\/github.com\/Kanti","followers_url":"https:\/\/api.github.com\/users\/Kanti\/followers","following_url":"https:\/\/api.github.com\/users\/Kanti\/following{\/other_user}","gists_url":"https:\/\/api.github.com\/users\/Kanti\/gists{\/gist_id}","starred_url":"https:\/\/api.github.com\/users\/Kanti\/starred{\/owner}{\/repo}","subscriptions_url":"https:\/\/api.github.com\/users\/Kanti\/subscriptions","organizations_url":"https:\/\/api.github.com\/users\/Kanti\/orgs","repos_url":"https:\/\/api.github.com\/users\/Kanti\/repos","events_url":"https:\/\/api.github.com\/users\/Kanti\/events{\/privacy}","received_events_url":"https:\/\/api.github.com\/users\/Kanti\/received_events","type":"User","site_admin":false},"content_type":"application\/octet-stream","state":"uploaded","size":486190,"download_count":45,"created_at":"2015-11-29T08:28:23Z","updated_at":"2015-11-29T08:28:26Z","browser_download_url":"https:\/\/github.com\/danpros\/htmly\/releases\/download\/v2.6.6\/htmly-installer.php"}],"tarball_url":"https:\/\/api.github.com\/repos\/danpros\/htmly\/tarball\/v2.6.6","zipball_url":"https:\/\/api.github.com\/repos\/danpros\/htmly\/zipball\/v2.6.6","body":"What's new:\n- Using URLify. A PHP port of URLify.js from the Django project for multi language improvements.\n- New Pager Algorithm e.g. `Page 1 of 10` and\/or more advanced pagination.\n- New variable for better theming.\n"},{"url":"https:\/\/api.github.com\/repos\/danpros\/htmly\/releases\/2126621","assets_url":"https:\/\/api.github.com\/repos\/danpros\/htmly\/releases\/2126621\/assets","upload_url":"https:\/\/uploads.github.com\/repos\/danpros\/htmly\/releases\/2126621\/assets{?name,label}","html_url":"https:\/\/github.com\/danpros\/htmly\/releases\/tag\/v2.6.5","id":2126621,"tag_name":"v2.6.5","target_commitish":"master","name":"Static Frontpage, New Theme, and Improvements","draft":false,"author":{"login":"danpros","id":595983,"avatar_url":"https:\/\/avatars2.githubusercontent.com\/u\/595983?v=4","gravatar_id":"","url":"https:\/\/api.github.com\/users\/danpros","html_url":"https:\/\/github.com\/danpros","followers_url":"https:\/\/api.github.com\/users\/danpros\/followers","following_url":"https:\/\/api.github.com\/users\/danpros\/following{\/other_user}","gists_url":"https:\/\/api.github.com\/users\/danpros\/gists{\/gist_id}","starred_url":"https:\/\/api.github.com\/users\/danpros\/starred{\/owner}{\/repo}","subscriptions_url":"https:\/\/api.github.com\/users\/danpros\/subscriptions","organizations_url":"https:\/\/api.github.com\/users\/danpros\/orgs","repos_url":"https:\/\/api.github.com\/users\/danpros\/repos","events_url":"https:\/\/api.github.com\/users\/danpros\/events{\/privacy}","received_events_url":"https:\/\/api.github.com\/users\/danpros\/received_events","type":"User","site_admin":false},"prerelease":false,"created_at":"2015-11-14T14:59:53Z","published_at":"2015-11-14T15:06:58Z","assets":[{"url":"https:\/\/api.github.com\/repos\/danpros\/htmly\/releases\/assets\/1037076","id":1037076,"name":"installer.php","label":null,"uploader":{"login":"danpros","id":595983,"avatar_url":"https:\/\/avatars2.githubusercontent.com\/u\/595983?v=4","gravatar_id":"","url":"https:\/\/api.github.com\/users\/danpros","html_url":"https:\/\/github.com\/danpros","followers_url":"https:\/\/api.github.com\/users\/danpros\/followers","following_url":"https:\/\/api.github.com\/users\/danpros\/following{\/other_user}","gists_url":"https:\/\/api.github.com\/users\/danpros\/gists{\/gist_id}","starred_url":"https:\/\/api.github.com\/users\/danpros\/starred{\/owner}{\/repo}","subscriptions_url":"https:\/\/api.github.com\/users\/danpros\/subscriptions","organizations_url":"https:\/\/api.github.com\/users\/danpros\/orgs","repos_url":"https:\/\/api.github.com\/users\/danpros\/repos","events_url":"https:\/\/api.github.com\/users\/danpros\/events{\/privacy}","received_events_url":"https:\/\/api.github.com\/users\/danpros\/received_events","type":"User","site_admin":false},"content_type":"application\/octet-stream","state":"uploaded","size":276425,"download_count":111,"created_at":"2015-11-14T15:02:32Z","updated_at":"2015-11-14T15:02:38Z","browser_download_url":"https:\/\/github.com\/danpros\/htmly\/releases\/download\/v2.6.5\/installer.php"}],"tarball_url":"https:\/\/api.github.com\/repos\/danpros\/htmly\/tarball\/v2.6.5","zipball_url":"https:\/\/api.github.com\/repos\/danpros\/htmly\/zipball\/v2.6.5","body":"What's new:\n- Static frontpage. Add `static.frontpage = \"true\"` to your config.ini\n- New theme ported from WordPress: <a target=\"_blank\" href=\"https:\/\/github.com\/danpros\/htmly-twentyfifteen\">Twenty Fifteen<\/a> and <a target=\"_blank\" href=\"https:\/\/github.com\/danpros\/htmly-ignite\">Ignite Theme<\/a>.\n- Improving post navigation (previous and next).\n- Improving the custom menu. Add active class.\n- Bugs fixes.\n"},{"url":"https:\/\/api.github.com\/repos\/danpros\/htmly\/releases\/1841896","assets_url":"https:\/\/api.github.com\/repos\/danpros\/htmly\/releases\/1841896\/assets","upload_url":"https:\/\/uploads.github.com\/repos\/danpros\/htmly\/releases\/1841896\/assets{?name,label}","html_url":"https:\/\/github.com\/danpros\/htmly\/releases\/tag\/v2.6.4","id":1841896,"tag_name":"v2.6.4","target_commitish":"master","name":"Improvements and bugs fixes","draft":false,"author":{"login":"danpros","id":595983,"avatar_url":"https:\/\/avatars2.githubusercontent.com\/u\/595983?v=4","gravatar_id":"","url":"https:\/\/api.github.com\/users\/danpros","html_url":"https:\/\/github.com\/danpros","followers_url":"https:\/\/api.github.com\/users\/danpros\/followers","following_url":"https:\/\/api.github.com\/users\/danpros\/following{\/other_user}","gists_url":"https:\/\/api.github.com\/users\/danpros\/gists{\/gist_id}","starred_url":"https:\/\/api.github.com\/users\/danpros\/starred{\/owner}{\/repo}","subscriptions_url":"https:\/\/api.github.com\/users\/danpros\/subscriptions","organizations_url":"https:\/\/api.github.com\/users\/danpros\/orgs","repos_url":"https:\/\/api.github.com\/users\/danpros\/repos","events_url":"https:\/\/api.github.com\/users\/danpros\/events{\/privacy}","received_events_url":"https:\/\/api.github.com\/users\/danpros\/received_events","type":"User","site_admin":false},"prerelease":false,"created_at":"2015-09-21T06:58:20Z","published_at":"2015-09-21T07:02:33Z","assets":[{"url":"https:\/\/api.github.com\/repos\/danpros\/htmly\/releases\/assets\/880705","id":880705,"name":"installer.php","label":null,"uploader":{"login":"danpros","id":595983,"avatar_url":"https:\/\/avatars2.githubusercontent.com\/u\/595983?v=4","gravatar_id":"","url":"https:\/\/api.github.com\/users\/danpros","html_url":"https:\/\/github.com\/danpros","followers_url":"https:\/\/api.github.com\/users\/danpros\/followers","following_url":"https:\/\/api.github.com\/users\/danpros\/following{\/other_user}","gists_url":"https:\/\/api.github.com\/users\/danpros\/gists{\/gist_id}","starred_url":"https:\/\/api.github.com\/users\/danpros\/starred{\/owner}{\/repo}","subscriptions_url":"https:\/\/api.github.com\/users\/danpros\/subscriptions","organizations_url":"https:\/\/api.github.com\/users\/danpros\/orgs","repos_url":"https:\/\/api.github.com\/users\/danpros\/repos","events_url":"https:\/\/api.github.com\/users\/danpros\/events{\/privacy}","received_events_url":"https:\/\/api.github.com\/users\/danpros\/received_events","type":"User","site_admin":false},"content_type":"application\/octet-stream","state":"uploaded","size":276425,"download_count":498,"created_at":"2015-09-21T07:01:46Z","updated_at":"2015-09-21T07:01:53Z","browser_download_url":"https:\/\/github.com\/danpros\/htmly\/releases\/download\/v2.6.4\/installer.php"}],"tarball_url":"https:\/\/api.github.com\/repos\/danpros\/htmly\/tarball\/v2.6.4","zipball_url":"https:\/\/api.github.com\/repos\/danpros\/htmly\/zipball\/v2.6.4","body":"What's new:\n- Using Pagedown extra for the markdown editor instead of standard Pagedown\n- Adding sitemap.category.xml\n- Bugs fixes for sitemap.author.xml\n- Update the composer vendor\n"},{"url":"https:\/\/api.github.com\/repos\/danpros\/htmly\/releases\/1739818","assets_url":"https:\/\/api.github.com\/repos\/danpros\/htmly\/releases\/1739818\/assets","upload_url":"https:\/\/uploads.github.com\/repos\/danpros\/htmly\/releases\/1739818\/assets{?name,label}","html_url":"https:\/\/github.com\/danpros\/htmly\/releases\/tag\/v2.6.3","id":1739818,"tag_name":"v2.6.3","target_commitish":"master","name":"Critical bugs fixes","draft":false,"author":{"login":"danpros","id":595983,"avatar_url":"https:\/\/avatars2.githubusercontent.com\/u\/595983?v=4","gravatar_id":"","url":"https:\/\/api.github.com\/users\/danpros","html_url":"https:\/\/github.com\/danpros","followers_url":"https:\/\/api.github.com\/users\/danpros\/followers","following_url":"https:\/\/api.github.com\/users\/danpros\/following{\/other_user}","gists_url":"https:\/\/api.github.com\/users\/danpros\/gists{\/gist_id}","starred_url":"https:\/\/api.github.com\/users\/danpros\/starred{\/owner}{\/repo}","subscriptions_url":"https:\/\/api.github.com\/users\/danpros\/subscriptions","organizations_url":"https:\/\/api.github.com\/users\/danpros\/orgs","repos_url":"https:\/\/api.github.com\/users\/danpros\/repos","events_url":"https:\/\/api.github.com\/users\/danpros\/events{\/privacy}","received_events_url":"https:\/\/api.github.com\/users\/danpros\/received_events","type":"User","site_admin":false},"prerelease":false,"created_at":"2015-08-29T04:44:02Z","published_at":"2015-08-29T04:45:37Z","assets":[{"url":"https:\/\/api.github.com\/repos\/danpros\/htmly\/releases\/assets\/826361","id":826361,"name":"installer.php","label":null,"uploader":{"login":"danpros","id":595983,"avatar_url":"https:\/\/avatars2.githubusercontent.com\/u\/595983?v=4","gravatar_id":"","url":"https:\/\/api.github.com\/users\/danpros","html_url":"https:\/\/github.com\/danpros","followers_url":"https:\/\/api.github.com\/users\/danpros\/followers","following_url":"https:\/\/api.github.com\/users\/danpros\/following{\/other_user}","gists_url":"https:\/\/api.github.com\/users\/danpros\/gists{\/gist_id}","starred_url":"https:\/\/api.github.com\/users\/danpros\/starred{\/owner}{\/repo}","subscriptions_url":"https:\/\/api.github.com\/users\/danpros\/subscriptions","organizations_url":"https:\/\/api.github.com\/users\/danpros\/orgs","repos_url":"https:\/\/api.github.com\/users\/danpros\/repos","events_url":"https:\/\/api.github.com\/users\/danpros\/events{\/privacy}","received_events_url":"https:\/\/api.github.com\/users\/danpros\/received_events","type":"User","site_admin":false},"content_type":"application\/octet-stream","state":"uploaded","size":276425,"download_count":215,"created_at":"2015-08-29T04:45:26Z","updated_at":"2015-08-29T04:45:33Z","browser_download_url":"https:\/\/github.com\/danpros\/htmly\/releases\/download\/v2.6.3\/installer.php"}],"tarball_url":"https:\/\/api.github.com\/repos\/danpros\/htmly\/tarball\/v2.6.3","zipball_url":"https:\/\/api.github.com\/repos\/danpros\/htmly\/zipball\/v2.6.3","body":"## HTMLy v2.6.3\n\nThis quick release is to fix issue #198 (can't add the featured link after the folder structure changed) and reCAPTCHA login problems.\n\n### HTMLy v2.6.2\n\nWhat's new:\n1. Finally now htmly can creating category\n2. 404 pages and 404 searches rendered within layout by @greenphp\n3. The folder structure changed\n4. To call related post widget you need to use `get_related($p->related)` instead of `get_related($p->tag)`\n5. Set `category.perpage = \"YourValue\"` to specify the category list and set `category.info = \"true\"` to show up the category information in your category index page.\n\n### Important\n\nIf this is an **upgrade** then you need to **clear cache** after the update process finished using the admin toolbar link to migrate your old content to new folder structure.\n\nOld structure:\n\n```\ncontent\/username\/blog\/file.md\n```\n\nNew structure:\n\n```\ncontent\/username\/blog\/category\/type\/file.md\n```\n"},{"url":"https:\/\/api.github.com\/repos\/danpros\/htmly\/releases\/1730830","assets_url":"https:\/\/api.github.com\/repos\/danpros\/htmly\/releases\/1730830\/assets","upload_url":"https:\/\/uploads.github.com\/repos\/danpros\/htmly\/releases\/1730830\/assets{?name,label}","html_url":"https:\/\/github.com\/danpros\/htmly\/releases\/tag\/v2.6.2","id":1730830,"tag_name":"v2.6.2","target_commitish":"master","name":"Category for the content","draft":false,"author":{"login":"danpros","id":595983,"avatar_url":"https:\/\/avatars2.githubusercontent.com\/u\/595983?v=4","gravatar_id":"","url":"https:\/\/api.github.com\/users\/danpros","html_url":"https:\/\/github.com\/danpros","followers_url":"https:\/\/api.github.com\/users\/danpros\/followers","following_url":"https:\/\/api.github.com\/users\/danpros\/following{\/other_user}","gists_url":"https:\/\/api.github.com\/users\/danpros\/gists{\/gist_id}","starred_url":"https:\/\/api.github.com\/users\/danpros\/starred{\/owner}{\/repo}","subscriptions_url":"https:\/\/api.github.com\/users\/danpros\/subscriptions","organizations_url":"https:\/\/api.github.com\/users\/danpros\/orgs","repos_url":"https:\/\/api.github.com\/users\/danpros\/repos","events_url":"https:\/\/api.github.com\/users\/danpros\/events{\/privacy}","received_events_url":"https:\/\/api.github.com\/users\/danpros\/received_events","type":"User","site_admin":false},"prerelease":false,"created_at":"2015-08-27T11:55:22Z","published_at":"2015-08-27T12:42:48Z","assets":[{"url":"https:\/\/api.github.com\/repos\/danpros\/htmly\/releases\/assets\/821438","id":821438,"name":"installer.php","label":null,"uploader":{"login":"danpros","id":595983,"avatar_url":"https:\/\/avatars2.githubusercontent.com\/u\/595983?v=4","gravatar_id":"","url":"https:\/\/api.github.com\/users\/danpros","html_url":"https:\/\/github.com\/danpros","followers_url":"https:\/\/api.github.com\/users\/danpros\/followers","following_url":"https:\/\/api.github.com\/users\/danpros\/following{\/other_user}","gists_url":"https:\/\/api.github.com\/users\/danpros\/gists{\/gist_id}","starred_url":"https:\/\/api.github.com\/users\/danpros\/starred{\/owner}{\/repo}","subscriptions_url":"https:\/\/api.github.com\/users\/danpros\/subscriptions","organizations_url":"https:\/\/api.github.com\/users\/danpros\/orgs","repos_url":"https:\/\/api.github.com\/users\/danpros\/repos","events_url":"https:\/\/api.github.com\/users\/danpros\/events{\/privacy}","received_events_url":"https:\/\/api.github.com\/users\/danpros\/received_events","type":"User","site_admin":false},"content_type":"application\/octet-stream","state":"uploaded","size":276425,"download_count":16,"created_at":"2015-08-27T12:42:32Z","updated_at":"2015-08-27T12:42:38Z","browser_download_url":"https:\/\/github.com\/danpros\/htmly\/releases\/download\/v2.6.2\/installer.php"}],"tarball_url":"https:\/\/api.github.com\/repos\/danpros\/htmly\/tarball\/v2.6.2","zipball_url":"https:\/\/api.github.com\/repos\/danpros\/htmly\/zipball\/v2.6.2","body":"What's new:\n1. Finally now htmly can creating category\n2. 404 pages and 404 searches rendered within layout by @greenphp\n3. The folder structure changed\n4. To call related post widget you need to use `get_related($p->related)` instead of `get_related($p->tag)`\n5. Set `category.perpage = \"YourValue\"` to specify the category list and set `category.info = \"true\"` to show up the category information in your category index page.\n\n### Important\n\nIf this is an **upgrade** then you need to **clear cache** after the update process finished using the admin toolbar link to migrate your old content to new folder structure.\n\nOld structure:\n\n```\ncontent\/username\/blog\/file.md\n```\n\nNew structure:\n\n```\ncontent\/username\/blog\/category\/type\/file.md\n```\n"},{"url":"https:\/\/api.github.com\/repos\/danpros\/htmly\/releases\/1699948","assets_url":"https:\/\/api.github.com\/repos\/danpros\/htmly\/releases\/1699948\/assets","upload_url":"https:\/\/uploads.github.com\/repos\/danpros\/htmly\/releases\/1699948\/assets{?name,label}","html_url":"https:\/\/github.com\/danpros\/htmly\/releases\/tag\/v2.6.1","id":1699948,"tag_name":"v2.6.1","target_commitish":"master","name":"Maintenance release","draft":false,"author":{"login":"danpros","id":595983,"avatar_url":"https:\/\/avatars2.githubusercontent.com\/u\/595983?v=4","gravatar_id":"","url":"https:\/\/api.github.com\/users\/danpros","html_url":"https:\/\/github.com\/danpros","followers_url":"https:\/\/api.github.com\/users\/danpros\/followers","following_url":"https:\/\/api.github.com\/users\/danpros\/following{\/other_user}","gists_url":"https:\/\/api.github.com\/users\/danpros\/gists{\/gist_id}","starred_url":"https:\/\/api.github.com\/users\/danpros\/starred{\/owner}{\/repo}","subscriptions_url":"https:\/\/api.github.com\/users\/danpros\/subscriptions","organizations_url":"https:\/\/api.github.com\/users\/danpros\/orgs","repos_url":"https:\/\/api.github.com\/users\/danpros\/repos","events_url":"https:\/\/api.github.com\/users\/danpros\/events{\/privacy}","received_events_url":"https:\/\/api.github.com\/users\/danpros\/received_events","type":"User","site_admin":false},"prerelease":false,"created_at":"2015-08-20T15:28:13Z","published_at":"2015-08-20T15:32:15Z","assets":[{"url":"https:\/\/api.github.com\/repos\/danpros\/htmly\/releases\/assets\/803734","id":803734,"name":"installer.php","label":null,"uploader":{"login":"danpros","id":595983,"avatar_url":"https:\/\/avatars2.githubusercontent.com\/u\/595983?v=4","gravatar_id":"","url":"https:\/\/api.github.com\/users\/danpros","html_url":"https:\/\/github.com\/danpros","followers_url":"https:\/\/api.github.com\/users\/danpros\/followers","following_url":"https:\/\/api.github.com\/users\/danpros\/following{\/other_user}","gists_url":"https:\/\/api.github.com\/users\/danpros\/gists{\/gist_id}","starred_url":"https:\/\/api.github.com\/users\/danpros\/starred{\/owner}{\/repo}","subscriptions_url":"https:\/\/api.github.com\/users\/danpros\/subscriptions","organizations_url":"https:\/\/api.github.com\/users\/danpros\/orgs","repos_url":"https:\/\/api.github.com\/users\/danpros\/repos","events_url":"https:\/\/api.github.com\/users\/danpros\/events{\/privacy}","received_events_url":"https:\/\/api.github.com\/users\/danpros\/received_events","type":"User","site_admin":false},"content_type":"application\/octet-stream","state":"uploaded","size":276425,"download_count":73,"created_at":"2015-08-20T15:29:28Z","updated_at":"2015-08-20T15:29:34Z","browser_download_url":"https:\/\/github.com\/danpros\/htmly\/releases\/download\/v2.6.1\/installer.php"}],"tarball_url":"https:\/\/api.github.com\/repos\/danpros\/htmly\/tarball\/v2.6.1","zipball_url":"https:\/\/api.github.com\/repos\/danpros\/htmly\/zipball\/v2.6.1","body":"What's new:\n- Previously the URL is case sensitive and now htmly threat `\/tag\/Github` or `\/tag\/github` as the same URL.\n- Improvements and bugs fixes.\n"},{"url":"https:\/\/api.github.com\/repos\/danpros\/htmly\/releases\/1682825","assets_url":"https:\/\/api.github.com\/repos\/danpros\/htmly\/releases\/1682825\/assets","upload_url":"https:\/\/uploads.github.com\/repos\/danpros\/htmly\/releases\/1682825\/assets{?name,label}","html_url":"https:\/\/github.com\/danpros\/htmly\/releases\/tag\/v2.6.0","id":1682825,"tag_name":"v2.6.0","target_commitish":"master","name":"Performance Boost","draft":false,"author":{"login":"danpros","id":595983,"avatar_url":"https:\/\/avatars2.githubusercontent.com\/u\/595983?v=4","gravatar_id":"","url":"https:\/\/api.github.com\/users\/danpros","html_url":"https:\/\/github.com\/danpros","followers_url":"https:\/\/api.github.com\/users\/danpros\/followers","following_url":"https:\/\/api.github.com\/users\/danpros\/following{\/other_user}","gists_url":"https:\/\/api.github.com\/users\/danpros\/gists{\/gist_id}","starred_url":"https:\/\/api.github.com\/users\/danpros\/starred{\/owner}{\/repo}","subscriptions_url":"https:\/\/api.github.com\/users\/danpros\/subscriptions","organizations_url":"https:\/\/api.github.com\/users\/danpros\/orgs","repos_url":"https:\/\/api.github.com\/users\/danpros\/repos","events_url":"https:\/\/api.github.com\/users\/danpros\/events{\/privacy}","received_events_url":"https:\/\/api.github.com\/users\/danpros\/received_events","type":"User","site_admin":false},"prerelease":false,"created_at":"2015-08-17T15:13:28Z","published_at":"2015-08-17T15:33:34Z","assets":[{"url":"https:\/\/api.github.com\/repos\/danpros\/htmly\/releases\/assets\/795520","id":795520,"name":"installer.php","label":null,"uploader":{"login":"danpros","id":595983,"avatar_url":"https:\/\/avatars2.githubusercontent.com\/u\/595983?v=4","gravatar_id":"","url":"https:\/\/api.github.com\/users\/danpros","html_url":"https:\/\/github.com\/danpros","followers_url":"https:\/\/api.github.com\/users\/danpros\/followers","following_url":"https:\/\/api.github.com\/users\/danpros\/following{\/other_user}","gists_url":"https:\/\/api.github.com\/users\/danpros\/gists{\/gist_id}","starred_url":"https:\/\/api.github.com\/users\/danpros\/starred{\/owner}{\/repo}","subscriptions_url":"https:\/\/api.github.com\/users\/danpros\/subscriptions","organizations_url":"https:\/\/api.github.com\/users\/danpros\/orgs","repos_url":"https:\/\/api.github.com\/users\/danpros\/repos","events_url":"https:\/\/api.github.com\/users\/danpros\/events{\/privacy}","received_events_url":"https:\/\/api.github.com\/users\/danpros\/received_events","type":"User","site_admin":false},"content_type":"application\/octet-stream","state":"uploaded","size":276425,"download_count":33,"created_at":"2015-08-17T15:27:24Z","updated_at":"2015-08-17T15:27:40Z","browser_download_url":"https:\/\/github.com\/danpros\/htmly\/releases\/download\/v2.6.0\/installer.php"}],"tarball_url":"https:\/\/api.github.com\/repos\/danpros\/htmly\/tarball\/v2.6.0","zipball_url":"https:\/\/api.github.com\/repos\/danpros\/htmly\/zipball\/v2.6.0","body":"For performance reason than the recent post, popular post, archive list, or tag cloud widget are cached even for login user (not the resulting output but the array). Tested in a test blog with 6K posts with hundreds of tags and the load for login user decrease dramatically. The page generation time from 1 - 2 seconds decreased to 0.05 - 0.3 seconds (depending on hardware). \n\nCache will deleted when we edited any content, added new content, or change any config related to those widget. For popular posts widget, by visiting `admin\/popular` is enough to delete the cache.\n\nTo display the page generation time add the following option to admin\/config:\n\n```\ngeneration.time = \"true\"\n```\n\nTo display the cache generation timestamp simply add:\n\n```\ncache.timestamp = \"true\"\n```\n\nBoth options will print out, example:\n\n```\n<!-- Dynamic page generated in 0.076 seconds. -->\n<!-- Cached page generated on 2015-08-17 22:31:56 -->\n```\n"},{"url":"https:\/\/api.github.com\/repos\/danpros\/htmly\/releases\/1670732","assets_url":"https:\/\/api.github.com\/repos\/danpros\/htmly\/releases\/1670732\/assets","upload_url":"https:\/\/uploads.github.com\/repos\/danpros\/htmly\/releases\/1670732\/assets{?name,label}","html_url":"https:\/\/github.com\/danpros\/htmly\/releases\/tag\/v2.5.9","id":1670732,"tag_name":"v2.5.9","target_commitish":"master","name":"URL without Year and Month","draft":false,"author":{"login":"danpros","id":595983,"avatar_url":"https:\/\/avatars2.githubusercontent.com\/u\/595983?v=4","gravatar_id":"","url":"https:\/\/api.github.com\/users\/danpros","html_url":"https:\/\/github.com\/danpros","followers_url":"https:\/\/api.github.com\/users\/danpros\/followers","following_url":"https:\/\/api.github.com\/users\/danpros\/following{\/other_user}","gists_url":"https:\/\/api.github.com\/users\/danpros\/gists{\/gist_id}","starred_url":"https:\/\/api.github.com\/users\/danpros\/starred{\/owner}{\/repo}","subscriptions_url":"https:\/\/api.github.com\/users\/danpros\/subscriptions","organizations_url":"https:\/\/api.github.com\/users\/danpros\/orgs","repos_url":"https:\/\/api.github.com\/users\/danpros\/repos","events_url":"https:\/\/api.github.com\/users\/danpros\/events{\/privacy}","received_events_url":"https:\/\/api.github.com\/users\/danpros\/received_events","type":"User","site_admin":false},"prerelease":false,"created_at":"2015-08-14T02:32:30Z","published_at":"2015-08-14T02:37:49Z","assets":[{"url":"https:\/\/api.github.com\/repos\/danpros\/htmly\/releases\/assets\/788833","id":788833,"name":"installer.php","label":null,"uploader":{"login":"danpros","id":595983,"avatar_url":"https:\/\/avatars2.githubusercontent.com\/u\/595983?v=4","gravatar_id":"","url":"https:\/\/api.github.com\/users\/danpros","html_url":"https:\/\/github.com\/danpros","followers_url":"https:\/\/api.github.com\/users\/danpros\/followers","following_url":"https:\/\/api.github.com\/users\/danpros\/following{\/other_user}","gists_url":"https:\/\/api.github.com\/users\/danpros\/gists{\/gist_id}","starred_url":"https:\/\/api.github.com\/users\/danpros\/starred{\/owner}{\/repo}","subscriptions_url":"https:\/\/api.github.com\/users\/danpros\/subscriptions","organizations_url":"https:\/\/api.github.com\/users\/danpros\/orgs","repos_url":"https:\/\/api.github.com\/users\/danpros\/repos","events_url":"https:\/\/api.github.com\/users\/danpros\/events{\/privacy}","received_events_url":"https:\/\/api.github.com\/users\/danpros\/received_events","type":"User","site_admin":false},"content_type":"application\/octet-stream","state":"uploaded","size":276425,"download_count":37,"created_at":"2015-08-14T02:36:46Z","updated_at":"2015-08-14T02:37:02Z","browser_download_url":"https:\/\/github.com\/danpros\/htmly\/releases\/download\/v2.5.9\/installer.php"}],"tarball_url":"https:\/\/api.github.com\/repos\/danpros\/htmly\/tarball\/v2.5.9","zipball_url":"https:\/\/api.github.com\/repos\/danpros\/htmly\/zipball\/v2.5.9","body":"What's new:\n- You can change the default URL from `\/year\/month\/title` to `\/post\/title` by adding: `permalink.type = \"post\"` into your config.\n- Fix description for non Latin char\n- New logo and favicon for HTMLy (branding)\n\n**Note:** When changing the permalink type, the old URL will redirected to new URL with redirect header 301.\n"},{"url":"https:\/\/api.github.com\/repos\/danpros\/htmly\/releases\/1640895","assets_url":"https:\/\/api.github.com\/repos\/danpros\/htmly\/releases\/1640895\/assets","upload_url":"https:\/\/uploads.github.com\/repos\/danpros\/htmly\/releases\/1640895\/assets{?name,label}","html_url":"https:\/\/github.com\/danpros\/htmly\/releases\/tag\/v2.5.8","id":1640895,"tag_name":"v2.5.8","target_commitish":"master","name":"Maintenance release","draft":false,"author":{"login":"danpros","id":595983,"avatar_url":"https:\/\/avatars2.githubusercontent.com\/u\/595983?v=4","gravatar_id":"","url":"https:\/\/api.github.com\/users\/danpros","html_url":"https:\/\/github.com\/danpros","followers_url":"https:\/\/api.github.com\/users\/danpros\/followers","following_url":"https:\/\/api.github.com\/users\/danpros\/following{\/other_user}","gists_url":"https:\/\/api.github.com\/users\/danpros\/gists{\/gist_id}","starred_url":"https:\/\/api.github.com\/users\/danpros\/starred{\/owner}{\/repo}","subscriptions_url":"https:\/\/api.github.com\/users\/danpros\/subscriptions","organizations_url":"https:\/\/api.github.com\/users\/danpros\/orgs","repos_url":"https:\/\/api.github.com\/users\/danpros\/repos","events_url":"https:\/\/api.github.com\/users\/danpros\/events{\/privacy}","received_events_url":"https:\/\/api.github.com\/users\/danpros\/received_events","type":"User","site_admin":false},"prerelease":false,"created_at":"2015-08-07T07:05:51Z","published_at":"2015-08-07T07:08:49Z","assets":[{"url":"https:\/\/api.github.com\/repos\/danpros\/htmly\/releases\/assets\/773066","id":773066,"name":"installer.php","label":null,"uploader":{"login":"danpros","id":595983,"avatar_url":"https:\/\/avatars2.githubusercontent.com\/u\/595983?v=4","gravatar_id":"","url":"https:\/\/api.github.com\/users\/danpros","html_url":"https:\/\/github.com\/danpros","followers_url":"https:\/\/api.github.com\/users\/danpros\/followers","following_url":"https:\/\/api.github.com\/users\/danpros\/following{\/other_user}","gists_url":"https:\/\/api.github.com\/users\/danpros\/gists{\/gist_id}","starred_url":"https:\/\/api.github.com\/users\/danpros\/starred{\/owner}{\/repo}","subscriptions_url":"https:\/\/api.github.com\/users\/danpros\/subscriptions","organizations_url":"https:\/\/api.github.com\/users\/danpros\/orgs","repos_url":"https:\/\/api.github.com\/users\/danpros\/repos","events_url":"https:\/\/api.github.com\/users\/danpros\/events{\/privacy}","received_events_url":"https:\/\/api.github.com\/users\/danpros\/received_events","type":"User","site_admin":false},"content_type":"application\/octet-stream","state":"uploaded","size":276425,"download_count":80,"created_at":"2015-08-07T07:08:19Z","updated_at":"2015-08-07T07:08:37Z","browser_download_url":"https:\/\/github.com\/danpros\/htmly\/releases\/download\/v2.5.8\/installer.php"}],"tarball_url":"https:\/\/api.github.com\/repos\/danpros\/htmly\/tarball\/v2.5.8","zipball_url":"https:\/\/api.github.com\/repos\/danpros\/htmly\/zipball\/v2.5.8","body":"What's new:\n- Non Latin char for tags\n- Maintenance\n- Bugs fixes \n"},{"url":"https:\/\/api.github.com\/repos\/danpros\/htmly\/releases\/1615846","assets_url":"https:\/\/api.github.com\/repos\/danpros\/htmly\/releases\/1615846\/assets","upload_url":"https:\/\/uploads.github.com\/repos\/danpros\/htmly\/releases\/1615846\/assets{?name,label}","html_url":"https:\/\/github.com\/danpros\/htmly\/releases\/tag\/v2.5.7","id":1615846,"tag_name":"v2.5.7","target_commitish":"master","name":"Add Blog Homepage","draft":false,"author":{"login":"danpros","id":595983,"avatar_url":"https:\/\/avatars2.githubusercontent.com\/u\/595983?v=4","gravatar_id":"","url":"https:\/\/api.github.com\/users\/danpros","html_url":"https:\/\/github.com\/danpros","followers_url":"https:\/\/api.github.com\/users\/danpros\/followers","following_url":"https:\/\/api.github.com\/users\/danpros\/following{\/other_user}","gists_url":"https:\/\/api.github.com\/users\/danpros\/gists{\/gist_id}","starred_url":"https:\/\/api.github.com\/users\/danpros\/starred{\/owner}{\/repo}","subscriptions_url":"https:\/\/api.github.com\/users\/danpros\/subscriptions","organizations_url":"https:\/\/api.github.com\/users\/danpros\/orgs","repos_url":"https:\/\/api.github.com\/users\/danpros\/repos","events_url":"https:\/\/api.github.com\/users\/danpros\/events{\/privacy}","received_events_url":"https:\/\/api.github.com\/users\/danpros\/received_events","type":"User","site_admin":false},"prerelease":false,"created_at":"2015-08-01T03:31:40Z","published_at":"2015-08-01T03:33:05Z","assets":[{"url":"https:\/\/api.github.com\/repos\/danpros\/htmly\/releases\/assets\/760179","id":760179,"name":"installer.php","label":null,"uploader":{"login":"danpros","id":595983,"avatar_url":"https:\/\/avatars2.githubusercontent.com\/u\/595983?v=4","gravatar_id":"","url":"https:\/\/api.github.com\/users\/danpros","html_url":"https:\/\/github.com\/danpros","followers_url":"https:\/\/api.github.com\/users\/danpros\/followers","following_url":"https:\/\/api.github.com\/users\/danpros\/following{\/other_user}","gists_url":"https:\/\/api.github.com\/users\/danpros\/gists{\/gist_id}","starred_url":"https:\/\/api.github.com\/users\/danpros\/starred{\/owner}{\/repo}","subscriptions_url":"https:\/\/api.github.com\/users\/danpros\/subscriptions","organizations_url":"https:\/\/api.github.com\/users\/danpros\/orgs","repos_url":"https:\/\/api.github.com\/users\/danpros\/repos","events_url":"https:\/\/api.github.com\/users\/danpros\/events{\/privacy}","received_events_url":"https:\/\/api.github.com\/users\/danpros\/received_events","type":"User","site_admin":false},"content_type":"application\/octet-stream","state":"uploaded","size":281000,"download_count":66,"created_at":"2015-08-01T03:32:47Z","updated_at":"2015-08-01T03:33:03Z","browser_download_url":"https:\/\/github.com\/danpros\/htmly\/releases\/download\/v2.5.7\/installer.php"}],"tarball_url":"https:\/\/api.github.com\/repos\/danpros\/htmly\/tarball\/v2.5.7","zipball_url":"https:\/\/api.github.com\/repos\/danpros\/htmly\/zipball\/v2.5.7","body":"This release includes a few additions, especially if you want to make the front-page as the landing page and require `example.com\/blog` as your blog home-page. To enable this URL, simply add below line in your config.ini\n\n```\nblog.enable = \"true\"\n```\n\nAfter enabling this option than the breadcrumb for any blog posts will become as follows\n\n```\nHome \u00bb Blog \u00bb Tags \u00bb Title\n```\n\nThe `Blog` will linked to `example.com\/blog`.\n\nYou can see the demo at HTMLy homepage: https:\/\/www.htmly.com\n"},{"url":"https:\/\/api.github.com\/repos\/danpros\/htmly\/releases\/1605978","assets_url":"https:\/\/api.github.com\/repos\/danpros\/htmly\/releases\/1605978\/assets","upload_url":"https:\/\/uploads.github.com\/repos\/danpros\/htmly\/releases\/1605978\/assets{?name,label}","html_url":"https:\/\/github.com\/danpros\/htmly\/releases\/tag\/v2.5.6","id":1605978,"tag_name":"v2.5.6","target_commitish":"master","name":"Quick Update: Popular Posts and Bugs Fixes","draft":false,"author":{"login":"danpros","id":595983,"avatar_url":"https:\/\/avatars2.githubusercontent.com\/u\/595983?v=4","gravatar_id":"","url":"https:\/\/api.github.com\/users\/danpros","html_url":"https:\/\/github.com\/danpros","followers_url":"https:\/\/api.github.com\/users\/danpros\/followers","following_url":"https:\/\/api.github.com\/users\/danpros\/following{\/other_user}","gists_url":"https:\/\/api.github.com\/users\/danpros\/gists{\/gist_id}","starred_url":"https:\/\/api.github.com\/users\/danpros\/starred{\/owner}{\/repo}","subscriptions_url":"https:\/\/api.github.com\/users\/danpros\/subscriptions","organizations_url":"https:\/\/api.github.com\/users\/danpros\/orgs","repos_url":"https:\/\/api.github.com\/users\/danpros\/repos","events_url":"https:\/\/api.github.com\/users\/danpros\/events{\/privacy}","received_events_url":"https:\/\/api.github.com\/users\/danpros\/received_events","type":"User","site_admin":false},"prerelease":false,"created_at":"2015-07-30T07:26:19Z","published_at":"2015-07-30T07:54:40Z","assets":[{"url":"https:\/\/api.github.com\/repos\/danpros\/htmly\/releases\/assets\/755040","id":755040,"name":"installer.php","label":null,"uploader":{"login":"Kanti","id":471387,"avatar_url":"https:\/\/avatars2.githubusercontent.com\/u\/471387?v=4","gravatar_id":"","url":"https:\/\/api.github.com\/users\/Kanti","html_url":"https:\/\/github.com\/Kanti","followers_url":"https:\/\/api.github.com\/users\/Kanti\/followers","following_url":"https:\/\/api.github.com\/users\/Kanti\/following{\/other_user}","gists_url":"https:\/\/api.github.com\/users\/Kanti\/gists{\/gist_id}","starred_url":"https:\/\/api.github.com\/users\/Kanti\/starred{\/owner}{\/repo}","subscriptions_url":"https:\/\/api.github.com\/users\/Kanti\/subscriptions","organizations_url":"https:\/\/api.github.com\/users\/Kanti\/orgs","repos_url":"https:\/\/api.github.com\/users\/Kanti\/repos","events_url":"https:\/\/api.github.com\/users\/Kanti\/events{\/privacy}","received_events_url":"https:\/\/api.github.com\/users\/Kanti\/received_events","type":"User","site_admin":false},"content_type":"application\/octet-stream","state":"uploaded","size":276425,"download_count":12,"created_at":"2015-07-30T07:53:34Z","updated_at":"2015-07-30T07:53:58Z","browser_download_url":"https:\/\/github.com\/danpros\/htmly\/releases\/download\/v2.5.6\/installer.php"}],"tarball_url":"https:\/\/api.github.com\/repos\/danpros\/htmly\/tarball\/v2.5.6","zipball_url":"https:\/\/api.github.com\/repos\/danpros\/htmly\/zipball\/v2.5.6","body":"Many requests for popular posts feature. \n\nWhat's new:\n- Popular Posts Widget.\n- Many improvements and bugs fixes.\n"},{"url":"https:\/\/api.github.com\/repos\/danpros\/htmly\/releases\/1587626","assets_url":"https:\/\/api.github.com\/repos\/danpros\/htmly\/releases\/1587626\/assets","upload_url":"https:\/\/uploads.github.com\/repos\/danpros\/htmly\/releases\/1587626\/assets{?name,label}","html_url":"https:\/\/github.com\/danpros\/htmly\/releases\/tag\/v2.5.5","id":1587626,"tag_name":"v2.5.5","target_commitish":"master","name":"Content Type & New Theme","draft":false,"author":{"login":"danpros","id":595983,"avatar_url":"https:\/\/avatars2.githubusercontent.com\/u\/595983?v=4","gravatar_id":"","url":"https:\/\/api.github.com\/users\/danpros","html_url":"https:\/\/github.com\/danpros","followers_url":"https:\/\/api.github.com\/users\/danpros\/followers","following_url":"https:\/\/api.github.com\/users\/danpros\/following{\/other_user}","gists_url":"https:\/\/api.github.com\/users\/danpros\/gists{\/gist_id}","starred_url":"https:\/\/api.github.com\/users\/danpros\/starred{\/owner}{\/repo}","subscriptions_url":"https:\/\/api.github.com\/users\/danpros\/subscriptions","organizations_url":"https:\/\/api.github.com\/users\/danpros\/orgs","repos_url":"https:\/\/api.github.com\/users\/danpros\/repos","events_url":"https:\/\/api.github.com\/users\/danpros\/events{\/privacy}","received_events_url":"https:\/\/api.github.com\/users\/danpros\/received_events","type":"User","site_admin":false},"prerelease":false,"created_at":"2015-07-26T14:43:25Z","published_at":"2015-07-26T14:44:32Z","assets":[{"url":"https:\/\/api.github.com\/repos\/danpros\/htmly\/releases\/assets\/745480","id":745480,"name":"installer.php","label":null,"uploader":{"login":"danpros","id":595983,"avatar_url":"https:\/\/avatars2.githubusercontent.com\/u\/595983?v=4","gravatar_id":"","url":"https:\/\/api.github.com\/users\/danpros","html_url":"https:\/\/github.com\/danpros","followers_url":"https:\/\/api.github.com\/users\/danpros\/followers","following_url":"https:\/\/api.github.com\/users\/danpros\/following{\/other_user}","gists_url":"https:\/\/api.github.com\/users\/danpros\/gists{\/gist_id}","starred_url":"https:\/\/api.github.com\/users\/danpros\/starred{\/owner}{\/repo}","subscriptions_url":"https:\/\/api.github.com\/users\/danpros\/subscriptions","organizations_url":"https:\/\/api.github.com\/users\/danpros\/orgs","repos_url":"https:\/\/api.github.com\/users\/danpros\/repos","events_url":"https:\/\/api.github.com\/users\/danpros\/events{\/privacy}","received_events_url":"https:\/\/api.github.com\/users\/danpros\/received_events","type":"User","site_admin":false},"content_type":"application\/octet-stream","state":"uploaded","size":280826,"download_count":24,"created_at":"2015-07-26T14:44:15Z","updated_at":"2015-07-26T14:44:30Z","browser_download_url":"https:\/\/github.com\/danpros\/htmly\/releases\/download\/v2.5.5\/installer.php"}],"tarball_url":"https:\/\/api.github.com\/repos\/danpros\/htmly\/tarball\/v2.5.5","zipball_url":"https:\/\/api.github.com\/repos\/danpros\/htmly\/zipball\/v2.5.5","body":"What's new:\n- Added new content type: video post (YouTube), audio post (SoundCloud), link post, quote post, and image post.\n- Added new theme: Blog theme.\n- Various improvements and bugs fixes.\n"},{"url":"https:\/\/api.github.com\/repos\/danpros\/htmly\/releases\/1534411","assets_url":"https:\/\/api.github.com\/repos\/danpros\/htmly\/releases\/1534411\/assets","upload_url":"https:\/\/uploads.github.com\/repos\/danpros\/htmly\/releases\/1534411\/assets{?name,label}","html_url":"https:\/\/github.com\/danpros\/htmly\/releases\/tag\/v2.5.4","id":1534411,"tag_name":"v2.5.4","target_commitish":"master","name":"Post Draft","draft":false,"author":{"login":"danpros","id":595983,"avatar_url":"https:\/\/avatars2.githubusercontent.com\/u\/595983?v=4","gravatar_id":"","url":"https:\/\/api.github.com\/users\/danpros","html_url":"https:\/\/github.com\/danpros","followers_url":"https:\/\/api.github.com\/users\/danpros\/followers","following_url":"https:\/\/api.github.com\/users\/danpros\/following{\/other_user}","gists_url":"https:\/\/api.github.com\/users\/danpros\/gists{\/gist_id}","starred_url":"https:\/\/api.github.com\/users\/danpros\/starred{\/owner}{\/repo}","subscriptions_url":"https:\/\/api.github.com\/users\/danpros\/subscriptions","organizations_url":"https:\/\/api.github.com\/users\/danpros\/orgs","repos_url":"https:\/\/api.github.com\/users\/danpros\/repos","events_url":"https:\/\/api.github.com\/users\/danpros\/events{\/privacy}","received_events_url":"https:\/\/api.github.com\/users\/danpros\/received_events","type":"User","site_admin":false},"prerelease":false,"created_at":"2015-07-14T12:36:27Z","published_at":"2015-07-14T12:39:05Z","assets":[{"url":"https:\/\/api.github.com\/repos\/danpros\/htmly\/releases\/assets\/706090","id":706090,"name":"installer.php","label":null,"uploader":{"login":"danpros","id":595983,"avatar_url":"https:\/\/avatars2.githubusercontent.com\/u\/595983?v=4","gravatar_id":"","url":"https:\/\/api.github.com\/users\/danpros","html_url":"https:\/\/github.com\/danpros","followers_url":"https:\/\/api.github.com\/users\/danpros\/followers","following_url":"https:\/\/api.github.com\/users\/danpros\/following{\/other_user}","gists_url":"https:\/\/api.github.com\/users\/danpros\/gists{\/gist_id}","starred_url":"https:\/\/api.github.com\/users\/danpros\/starred{\/owner}{\/repo}","subscriptions_url":"https:\/\/api.github.com\/users\/danpros\/subscriptions","organizations_url":"https:\/\/api.github.com\/users\/danpros\/orgs","repos_url":"https:\/\/api.github.com\/users\/danpros\/repos","events_url":"https:\/\/api.github.com\/users\/danpros\/events{\/privacy}","received_events_url":"https:\/\/api.github.com\/users\/danpros\/received_events","type":"User","site_admin":false},"content_type":"application\/octet-stream","state":"uploaded","size":280826,"download_count":59,"created_at":"2015-07-14T12:38:36Z","updated_at":"2015-07-14T12:38:52Z","browser_download_url":"https:\/\/github.com\/danpros\/htmly\/releases\/download\/v2.5.4\/installer.php"}],"tarball_url":"https:\/\/api.github.com\/repos\/danpros\/htmly\/tarball\/v2.5.4","zipball_url":"https:\/\/api.github.com\/repos\/danpros\/htmly\/zipball\/v2.5.4","body":"What's new:\n- Post draft for blog post\n- Better templating\n- Various improvements\n"},{"url":"https:\/\/api.github.com\/repos\/danpros\/htmly\/releases\/1519657","assets_url":"https:\/\/api.github.com\/repos\/danpros\/htmly\/releases\/1519657\/assets","upload_url":"https:\/\/uploads.github.com\/repos\/danpros\/htmly\/releases\/1519657\/assets{?name,label}","html_url":"https:\/\/github.com\/danpros\/htmly\/releases\/tag\/v2.5.3","id":1519657,"tag_name":"v2.5.3","target_commitish":"master","name":"Image Upload","draft":false,"author":{"login":"danpros","id":595983,"avatar_url":"https:\/\/avatars2.githubusercontent.com\/u\/595983?v=4","gravatar_id":"","url":"https:\/\/api.github.com\/users\/danpros","html_url":"https:\/\/github.com\/danpros","followers_url":"https:\/\/api.github.com\/users\/danpros\/followers","following_url":"https:\/\/api.github.com\/users\/danpros\/following{\/other_user}","gists_url":"https:\/\/api.github.com\/users\/danpros\/gists{\/gist_id}","starred_url":"https:\/\/api.github.com\/users\/danpros\/starred{\/owner}{\/repo}","subscriptions_url":"https:\/\/api.github.com\/users\/danpros\/subscriptions","organizations_url":"https:\/\/api.github.com\/users\/danpros\/orgs","repos_url":"https:\/\/api.github.com\/users\/danpros\/repos","events_url":"https:\/\/api.github.com\/users\/danpros\/events{\/privacy}","received_events_url":"https:\/\/api.github.com\/users\/danpros\/received_events","type":"User","site_admin":false},"prerelease":false,"created_at":"2015-07-10T08:17:37Z","published_at":"2015-07-10T08:33:50Z","assets":[{"url":"https:\/\/api.github.com\/repos\/danpros\/htmly\/releases\/assets\/697854","id":697854,"name":"installer.php","label":null,"uploader":{"login":"danpros","id":595983,"avatar_url":"https:\/\/avatars2.githubusercontent.com\/u\/595983?v=4","gravatar_id":"","url":"https:\/\/api.github.com\/users\/danpros","html_url":"https:\/\/github.com\/danpros","followers_url":"https:\/\/api.github.com\/users\/danpros\/followers","following_url":"https:\/\/api.github.com\/users\/danpros\/following{\/other_user}","gists_url":"https:\/\/api.github.com\/users\/danpros\/gists{\/gist_id}","starred_url":"https:\/\/api.github.com\/users\/danpros\/starred{\/owner}{\/repo}","subscriptions_url":"https:\/\/api.github.com\/users\/danpros\/subscriptions","organizations_url":"https:\/\/api.github.com\/users\/danpros\/orgs","repos_url":"https:\/\/api.github.com\/users\/danpros\/repos","events_url":"https:\/\/api.github.com\/users\/danpros\/events{\/privacy}","received_events_url":"https:\/\/api.github.com\/users\/danpros\/received_events","type":"User","site_admin":false},"content_type":"application\/octet-stream","state":"uploaded","size":280826,"download_count":13,"created_at":"2015-07-10T08:32:57Z","updated_at":"2015-07-10T08:33:13Z","browser_download_url":"https:\/\/github.com\/danpros\/htmly\/releases\/download\/v2.5.3\/installer.php"}],"tarball_url":"https:\/\/api.github.com\/repos\/danpros\/htmly\/tarball\/v2.5.3","zipball_url":"https:\/\/api.github.com\/repos\/danpros\/htmly\/zipball\/v2.5.3","body":"What's new:\n-  The markdown editor can upload images\n-  Update the jQuery to 2.1.4\n-  A few improvements\n\n**Note:** \nThere was a bugs to the updater after installing the 2.5.2, the update links has double `admin\/`, example:\n\n```\nhttps:\/\/www.example.com\/admin\/admin\/update\/now\/4dec0fa3e77a3b7490d85cea9560c40dfd4d0764\n```\n\nSo just right click, copy the link and remove the double `admin\/` becomes:\n\n```\nhttps:\/\/www.example.com\/admin\/update\/now\/4dec0fa3e77a3b7490d85cea9560c40dfd4d0764\n```\n\nVisit those link to update it automatically.\n"},{"url":"https:\/\/api.github.com\/repos\/danpros\/htmly\/releases\/1497170","assets_url":"https:\/\/api.github.com\/repos\/danpros\/htmly\/releases\/1497170\/assets","upload_url":"https:\/\/uploads.github.com\/repos\/danpros\/htmly\/releases\/1497170\/assets{?name,label}","html_url":"https:\/\/github.com\/danpros\/htmly\/releases\/tag\/v2.5.2","id":1497170,"tag_name":"v2.5.2","target_commitish":"master","name":"Maintenance release","draft":false,"author":{"login":"danpros","id":595983,"avatar_url":"https:\/\/avatars2.githubusercontent.com\/u\/595983?v=4","gravatar_id":"","url":"https:\/\/api.github.com\/users\/danpros","html_url":"https:\/\/github.com\/danpros","followers_url":"https:\/\/api.github.com\/users\/danpros\/followers","following_url":"https:\/\/api.github.com\/users\/danpros\/following{\/other_user}","gists_url":"https:\/\/api.github.com\/users\/danpros\/gists{\/gist_id}","starred_url":"https:\/\/api.github.com\/users\/danpros\/starred{\/owner}{\/repo}","subscriptions_url":"https:\/\/api.github.com\/users\/danpros\/subscriptions","organizations_url":"https:\/\/api.github.com\/users\/danpros\/orgs","repos_url":"https:\/\/api.github.com\/users\/danpros\/repos","events_url":"https:\/\/api.github.com\/users\/danpros\/events{\/privacy}","received_events_url":"https:\/\/api.github.com\/users\/danpros\/received_events","type":"User","site_admin":false},"prerelease":false,"created_at":"2015-07-05T15:39:40Z","published_at":"2015-07-05T15:49:24Z","assets":[{"url":"https:\/\/api.github.com\/repos\/danpros\/htmly\/releases\/assets\/686543","id":686543,"name":"installer.php","label":null,"uploader":{"login":"danpros","id":595983,"avatar_url":"https:\/\/avatars2.githubusercontent.com\/u\/595983?v=4","gravatar_id":"","url":"https:\/\/api.github.com\/users\/danpros","html_url":"https:\/\/github.com\/danpros","followers_url":"https:\/\/api.github.com\/users\/danpros\/followers","following_url":"https:\/\/api.github.com\/users\/danpros\/following{\/other_user}","gists_url":"https:\/\/api.github.com\/users\/danpros\/gists{\/gist_id}","starred_url":"https:\/\/api.github.com\/users\/danpros\/starred{\/owner}{\/repo}","subscriptions_url":"https:\/\/api.github.com\/users\/danpros\/subscriptions","organizations_url":"https:\/\/api.github.com\/users\/danpros\/orgs","repos_url":"https:\/\/api.github.com\/users\/danpros\/repos","events_url":"https:\/\/api.github.com\/users\/danpros\/events{\/privacy}","received_events_url":"https:\/\/api.github.com\/users\/danpros\/received_events","type":"User","site_admin":false},"content_type":"application\/octet-stream","state":"uploaded","size":280826,"download_count":15,"created_at":"2015-07-05T15:48:16Z","updated_at":"2015-07-05T15:48:36Z","browser_download_url":"https:\/\/github.com\/danpros\/htmly\/releases\/download\/v2.5.2\/installer.php"}],"tarball_url":"https:\/\/api.github.com\/repos\/danpros\/htmly\/tarball\/v2.5.2","zipball_url":"https:\/\/api.github.com\/repos\/danpros\/htmly\/zipball\/v2.5.2","body":"What has changed:\n- Check the latest version only when visiting the _Update page_ for performance reason.\n- Change the `$p->feature` to `$p->image`.\n- Styling the featured Youtube video (becomes responsive).\n- Updating the composer.\n- Bugs fixes for tag (if there is a comma at the end of the tag list).\n"},{"url":"https:\/\/api.github.com\/repos\/danpros\/htmly\/releases\/977315","assets_url":"https:\/\/api.github.com\/repos\/danpros\/htmly\/releases\/977315\/assets","upload_url":"https:\/\/uploads.github.com\/repos\/danpros\/htmly\/releases\/977315\/assets{?name,label}","html_url":"https:\/\/github.com\/danpros\/htmly\/releases\/tag\/v2.5.1","id":977315,"tag_name":"v2.5.1","target_commitish":"master","name":"bugfix upgrade prozess","draft":false,"author":{"login":"Kanti","id":471387,"avatar_url":"https:\/\/avatars2.githubusercontent.com\/u\/471387?v=4","gravatar_id":"","url":"https:\/\/api.github.com\/users\/Kanti","html_url":"https:\/\/github.com\/Kanti","followers_url":"https:\/\/api.github.com\/users\/Kanti\/followers","following_url":"https:\/\/api.github.com\/users\/Kanti\/following{\/other_user}","gists_url":"https:\/\/api.github.com\/users\/Kanti\/gists{\/gist_id}","starred_url":"https:\/\/api.github.com\/users\/Kanti\/starred{\/owner}{\/repo}","subscriptions_url":"https:\/\/api.github.com\/users\/Kanti\/subscriptions","organizations_url":"https:\/\/api.github.com\/users\/Kanti\/orgs","repos_url":"https:\/\/api.github.com\/users\/Kanti\/repos","events_url":"https:\/\/api.github.com\/users\/Kanti\/events{\/privacy}","received_events_url":"https:\/\/api.github.com\/users\/Kanti\/received_events","type":"User","site_admin":false},"prerelease":false,"created_at":"2015-02-23T07:28:41Z","published_at":"2015-02-23T07:29:57Z","assets":[{"url":"https:\/\/api.github.com\/repos\/danpros\/htmly\/releases\/assets\/436100","id":436100,"name":"installer.php","label":null,"uploader":{"login":"Kanti","id":471387,"avatar_url":"https:\/\/avatars2.githubusercontent.com\/u\/471387?v=4","gravatar_id":"","url":"https:\/\/api.github.com\/users\/Kanti","html_url":"https:\/\/github.com\/Kanti","followers_url":"https:\/\/api.github.com\/users\/Kanti\/followers","following_url":"https:\/\/api.github.com\/users\/Kanti\/following{\/other_user}","gists_url":"https:\/\/api.github.com\/users\/Kanti\/gists{\/gist_id}","starred_url":"https:\/\/api.github.com\/users\/Kanti\/starred{\/owner}{\/repo}","subscriptions_url":"https:\/\/api.github.com\/users\/Kanti\/subscriptions","organizations_url":"https:\/\/api.github.com\/users\/Kanti\/orgs","repos_url":"https:\/\/api.github.com\/users\/Kanti\/repos","events_url":"https:\/\/api.github.com\/users\/Kanti\/events{\/privacy}","received_events_url":"https:\/\/api.github.com\/users\/Kanti\/received_events","type":"User","site_admin":false},"content_type":"application\/octet-stream","state":"uploaded","size":280826,"download_count":299,"created_at":"2015-02-23T07:29:48Z","updated_at":"2015-02-23T07:29:52Z","browser_download_url":"https:\/\/github.com\/danpros\/htmly\/releases\/download\/v2.5.1\/installer.php"}],"tarball_url":"https:\/\/api.github.com\/repos\/danpros\/htmly\/tarball\/v2.5.1","zipball_url":"https:\/\/api.github.com\/repos\/danpros\/htmly\/zipball\/v2.5.1","body":""},{"url":"https:\/\/api.github.com\/repos\/danpros\/htmly\/releases\/936286","assets_url":"https:\/\/api.github.com\/repos\/danpros\/htmly\/releases\/936286\/assets","upload_url":"https:\/\/uploads.github.com\/repos\/danpros\/htmly\/releases\/936286\/assets{?name,label}","html_url":"https:\/\/github.com\/danpros\/htmly\/releases\/tag\/v2.5","id":936286,"tag_name":"v2.5","target_commitish":"master","name":"Embedded Youtube videos and Featured Images.","draft":false,"author":{"login":"Kanti","id":471387,"avatar_url":"https:\/\/avatars2.githubusercontent.com\/u\/471387?v=4","gravatar_id":"","url":"https:\/\/api.github.com\/users\/Kanti","html_url":"https:\/\/github.com\/Kanti","followers_url":"https:\/\/api.github.com\/users\/Kanti\/followers","following_url":"https:\/\/api.github.com\/users\/Kanti\/following{\/other_user}","gists_url":"https:\/\/api.github.com\/users\/Kanti\/gists{\/gist_id}","starred_url":"https:\/\/api.github.com\/users\/Kanti\/starred{\/owner}{\/repo}","subscriptions_url":"https:\/\/api.github.com\/users\/Kanti\/subscriptions","organizations_url":"https:\/\/api.github.com\/users\/Kanti\/orgs","repos_url":"https:\/\/api.github.com\/users\/Kanti\/repos","events_url":"https:\/\/api.github.com\/users\/Kanti\/events{\/privacy}","received_events_url":"https:\/\/api.github.com\/users\/Kanti\/received_events","type":"User","site_admin":false},"prerelease":false,"created_at":"2015-02-10T08:04:37Z","published_at":"2015-02-10T08:10:32Z","assets":[{"url":"https:\/\/api.github.com\/repos\/danpros\/htmly\/releases\/assets\/415776","id":415776,"name":"installer.php","label":null,"uploader":{"login":"Kanti","id":471387,"avatar_url":"https:\/\/avatars2.githubusercontent.com\/u\/471387?v=4","gravatar_id":"","url":"https:\/\/api.github.com\/users\/Kanti","html_url":"https:\/\/github.com\/Kanti","followers_url":"https:\/\/api.github.com\/users\/Kanti\/followers","following_url":"https:\/\/api.github.com\/users\/Kanti\/following{\/other_user}","gists_url":"https:\/\/api.github.com\/users\/Kanti\/gists{\/gist_id}","starred_url":"https:\/\/api.github.com\/users\/Kanti\/starred{\/owner}{\/repo}","subscriptions_url":"https:\/\/api.github.com\/users\/Kanti\/subscriptions","organizations_url":"https:\/\/api.github.com\/users\/Kanti\/orgs","repos_url":"https:\/\/api.github.com\/users\/Kanti\/repos","events_url":"https:\/\/api.github.com\/users\/Kanti\/events{\/privacy}","received_events_url":"https:\/\/api.github.com\/users\/Kanti\/received_events","type":"User","site_admin":false},"content_type":"application\/octet-stream","state":"uploaded","size":280826,"download_count":29,"created_at":"2015-02-10T08:09:54Z","updated_at":"2015-02-10T08:09:58Z","browser_download_url":"https:\/\/github.com\/danpros\/htmly\/releases\/download\/v2.5\/installer.php"}],"tarball_url":"https:\/\/api.github.com\/repos\/danpros\/htmly\/tarball\/v2.5","zipball_url":"https:\/\/api.github.com\/repos\/danpros\/htmly\/zipball\/v2.5","body":"Contains many improvements.\n\n**What's new:**\n- featured Image for posts @fahmi182\n- featured Youtube video for posts @fahmi182\n\n**form 2.4.1:**\n- Config Tab on admin bar @kanti\n"},{"url":"https:\/\/api.github.com\/repos\/danpros\/htmly\/releases\/855419","assets_url":"https:\/\/api.github.com\/repos\/danpros\/htmly\/releases\/855419\/assets","upload_url":"https:\/\/uploads.github.com\/repos\/danpros\/htmly\/releases\/855419\/assets{?name,label}","html_url":"https:\/\/github.com\/danpros\/htmly\/releases\/tag\/v2.4.1","id":855419,"tag_name":"v2.4.1","target_commitish":"master","name":"Added config tab","draft":false,"author":{"login":"Kanti","id":471387,"avatar_url":"https:\/\/avatars2.githubusercontent.com\/u\/471387?v=4","gravatar_id":"","url":"https:\/\/api.github.com\/users\/Kanti","html_url":"https:\/\/github.com\/Kanti","followers_url":"https:\/\/api.github.com\/users\/Kanti\/followers","following_url":"https:\/\/api.github.com\/users\/Kanti\/following{\/other_user}","gists_url":"https:\/\/api.github.com\/users\/Kanti\/gists{\/gist_id}","starred_url":"https:\/\/api.github.com\/users\/Kanti\/starred{\/owner}{\/repo}","subscriptions_url":"https:\/\/api.github.com\/users\/Kanti\/subscriptions","organizations_url":"https:\/\/api.github.com\/users\/Kanti\/orgs","repos_url":"https:\/\/api.github.com\/users\/Kanti\/repos","events_url":"https:\/\/api.github.com\/users\/Kanti\/events{\/privacy}","received_events_url":"https:\/\/api.github.com\/users\/Kanti\/received_events","type":"User","site_admin":false},"prerelease":true,"created_at":"2015-01-12T13:26:29Z","published_at":"2015-01-15T17:04:47Z","assets":[],"tarball_url":"https:\/\/api.github.com\/repos\/danpros\/htmly\/tarball\/v2.4.1","zipball_url":"https:\/\/api.github.com\/repos\/danpros\/htmly\/zipball\/v2.4.1","body":"small release:\n- **new:** config tab on admin bar.\n- **bugfix:** `blog.menu = \"name->LinkOnSiteButNotStaticPage\"`\n- **security:** import fix\n\n_if you want this release:_ put this line in your `config.ini`:\n`prerelease = true`\n"},{"url":"https:\/\/api.github.com\/repos\/danpros\/htmly\/releases\/782014","assets_url":"https:\/\/api.github.com\/repos\/danpros\/htmly\/releases\/782014\/assets","upload_url":"https:\/\/uploads.github.com\/repos\/danpros\/htmly\/releases\/782014\/assets{?name,label}","html_url":"https:\/\/github.com\/danpros\/htmly\/releases\/tag\/v2.4","id":782014,"tag_name":"v2.4","target_commitish":"master","name":"Securing HTMLy by using reCaptcha","draft":false,"author":{"login":"Kanti","id":471387,"avatar_url":"https:\/\/avatars2.githubusercontent.com\/u\/471387?v=4","gravatar_id":"","url":"https:\/\/api.github.com\/users\/Kanti","html_url":"https:\/\/github.com\/Kanti","followers_url":"https:\/\/api.github.com\/users\/Kanti\/followers","following_url":"https:\/\/api.github.com\/users\/Kanti\/following{\/other_user}","gists_url":"https:\/\/api.github.com\/users\/Kanti\/gists{\/gist_id}","starred_url":"https:\/\/api.github.com\/users\/Kanti\/starred{\/owner}{\/repo}","subscriptions_url":"https:\/\/api.github.com\/users\/Kanti\/subscriptions","organizations_url":"https:\/\/api.github.com\/users\/Kanti\/orgs","repos_url":"https:\/\/api.github.com\/users\/Kanti\/repos","events_url":"https:\/\/api.github.com\/users\/Kanti\/events{\/privacy}","received_events_url":"https:\/\/api.github.com\/users\/Kanti\/received_events","type":"User","site_admin":false},"prerelease":false,"created_at":"2014-12-17T07:56:00Z","published_at":"2014-12-28T15:12:45Z","assets":[{"url":"https:\/\/api.github.com\/repos\/danpros\/htmly\/releases\/assets\/359196","id":359196,"name":"installer.php","label":null,"uploader":{"login":"Kanti","id":471387,"avatar_url":"https:\/\/avatars2.githubusercontent.com\/u\/471387?v=4","gravatar_id":"","url":"https:\/\/api.github.com\/users\/Kanti","html_url":"https:\/\/github.com\/Kanti","followers_url":"https:\/\/api.github.com\/users\/Kanti\/followers","following_url":"https:\/\/api.github.com\/users\/Kanti\/following{\/other_user}","gists_url":"https:\/\/api.github.com\/users\/Kanti\/gists{\/gist_id}","starred_url":"https:\/\/api.github.com\/users\/Kanti\/starred{\/owner}{\/repo}","subscriptions_url":"https:\/\/api.github.com\/users\/Kanti\/subscriptions","organizations_url":"https:\/\/api.github.com\/users\/Kanti\/orgs","repos_url":"https:\/\/api.github.com\/users\/Kanti\/repos","events_url":"https:\/\/api.github.com\/users\/Kanti\/events{\/privacy}","received_events_url":"https:\/\/api.github.com\/users\/Kanti\/received_events","type":"User","site_admin":false},"content_type":"application\/octet-stream","state":"uploaded","size":280826,"download_count":81,"created_at":"2014-12-29T11:20:37Z","updated_at":"2014-12-29T11:20:41Z","browser_download_url":"https:\/\/github.com\/danpros\/htmly\/releases\/download\/v2.4\/installer.php"}],"tarball_url":"https:\/\/api.github.com\/repos\/danpros\/htmly\/tarball\/v2.4","zipball_url":"https:\/\/api.github.com\/repos\/danpros\/htmly\/zipball\/v2.4","body":"Now HTMLy has the ability to secure the backend with Googles reCaptcha service.\nSimply go to there Webseite:\nhttps:\/\/www.google.com\/recaptcha\/admin\nGet the public and private keys and put them like this into your config.ini:\n\n``` ini\ngoogle.reCaptcha = true\ngoogle.reCaptcha.public = \"6LfcP_8SAAAAAIPSQldEbInMMMeuVeXRD7lfFe_c\"\ngoogle.reCaptcha.private = \"6LfcP_8SAAAAAPz1Be_4zBMMMujRdKVS6t79RSgY\"\n```\n"},{"url":"https:\/\/api.github.com\/repos\/danpros\/htmly\/releases\/587750","assets_url":"https:\/\/api.github.com\/repos\/danpros\/htmly\/releases\/587750\/assets","upload_url":"https:\/\/uploads.github.com\/repos\/danpros\/htmly\/releases\/587750\/assets{?name,label}","html_url":"https:\/\/github.com\/danpros\/htmly\/releases\/tag\/v2.3","id":587750,"tag_name":"v2.3","target_commitish":"master","name":"v2.3","draft":false,"author":{"login":"danpros","id":595983,"avatar_url":"https:\/\/avatars2.githubusercontent.com\/u\/595983?v=4","gravatar_id":"","url":"https:\/\/api.github.com\/users\/danpros","html_url":"https:\/\/github.com\/danpros","followers_url":"https:\/\/api.github.com\/users\/danpros\/followers","following_url":"https:\/\/api.github.com\/users\/danpros\/following{\/other_user}","gists_url":"https:\/\/api.github.com\/users\/danpros\/gists{\/gist_id}","starred_url":"https:\/\/api.github.com\/users\/danpros\/starred{\/owner}{\/repo}","subscriptions_url":"https:\/\/api.github.com\/users\/danpros\/subscriptions","organizations_url":"https:\/\/api.github.com\/users\/danpros\/orgs","repos_url":"https:\/\/api.github.com\/users\/danpros\/repos","events_url":"https:\/\/api.github.com\/users\/danpros\/events{\/privacy}","received_events_url":"https:\/\/api.github.com\/users\/danpros\/received_events","type":"User","site_admin":false},"prerelease":false,"created_at":"2014-09-28T01:41:38Z","published_at":"2014-09-28T02:32:47Z","assets":[],"tarball_url":"https:\/\/api.github.com\/repos\/danpros\/htmly\/tarball\/v2.3","zipball_url":"https:\/\/api.github.com\/repos\/danpros\/htmly\/zipball\/v2.3","body":"Contains many improvements and bugs fixes. Credit to @Kanti and @fahmi182 \n\nWhat's new:\n- Recent posts widget.\n- Webmaster tool verification.\n- See [this page](https:\/\/github.com\/danpros\/htmly\/compare\/v2.2...master) for complete list.\n"},{"url":"https:\/\/api.github.com\/repos\/danpros\/htmly\/releases\/504724","assets_url":"https:\/\/api.github.com\/repos\/danpros\/htmly\/releases\/504724\/assets","upload_url":"https:\/\/uploads.github.com\/repos\/danpros\/htmly\/releases\/504724\/assets{?name,label}","html_url":"https:\/\/github.com\/danpros\/htmly\/releases\/tag\/v2.2","id":504724,"tag_name":"v2.2","target_commitish":"master","name":"New features","draft":false,"author":{"login":"danpros","id":595983,"avatar_url":"https:\/\/avatars2.githubusercontent.com\/u\/595983?v=4","gravatar_id":"","url":"https:\/\/api.github.com\/users\/danpros","html_url":"https:\/\/github.com\/danpros","followers_url":"https:\/\/api.github.com\/users\/danpros\/followers","following_url":"https:\/\/api.github.com\/users\/danpros\/following{\/other_user}","gists_url":"https:\/\/api.github.com\/users\/danpros\/gists{\/gist_id}","starred_url":"https:\/\/api.github.com\/users\/danpros\/starred{\/owner}{\/repo}","subscriptions_url":"https:\/\/api.github.com\/users\/danpros\/subscriptions","organizations_url":"https:\/\/api.github.com\/users\/danpros\/orgs","repos_url":"https:\/\/api.github.com\/users\/danpros\/repos","events_url":"https:\/\/api.github.com\/users\/danpros\/events{\/privacy}","received_events_url":"https:\/\/api.github.com\/users\/danpros\/received_events","type":"User","site_admin":false},"prerelease":false,"created_at":"2014-08-19T11:02:52Z","published_at":"2014-08-21T00:13:56Z","assets":[],"tarball_url":"https:\/\/api.github.com\/repos\/danpros\/htmly\/tarball\/v2.2","zipball_url":"https:\/\/api.github.com\/repos\/danpros\/htmly\/zipball\/v2.2","body":"This release contains many new features and improvements. Credit for @Kanti and @BlackCodec.\n"},{"url":"https:\/\/api.github.com\/repos\/danpros\/htmly\/releases\/450716","assets_url":"https:\/\/api.github.com\/repos\/danpros\/htmly\/releases\/450716\/assets","upload_url":"https:\/\/uploads.github.com\/repos\/danpros\/htmly\/releases\/450716\/assets{?name,label}","html_url":"https:\/\/github.com\/danpros\/htmly\/releases\/tag\/v2.1","id":450716,"tag_name":"v2.1","target_commitish":"master","name":"New features & Bugs Fixes","draft":false,"author":{"login":"danpros","id":595983,"avatar_url":"https:\/\/avatars2.githubusercontent.com\/u\/595983?v=4","gravatar_id":"","url":"https:\/\/api.github.com\/users\/danpros","html_url":"https:\/\/github.com\/danpros","followers_url":"https:\/\/api.github.com\/users\/danpros\/followers","following_url":"https:\/\/api.github.com\/users\/danpros\/following{\/other_user}","gists_url":"https:\/\/api.github.com\/users\/danpros\/gists{\/gist_id}","starred_url":"https:\/\/api.github.com\/users\/danpros\/starred{\/owner}{\/repo}","subscriptions_url":"https:\/\/api.github.com\/users\/danpros\/subscriptions","organizations_url":"https:\/\/api.github.com\/users\/danpros\/orgs","repos_url":"https:\/\/api.github.com\/users\/danpros\/repos","events_url":"https:\/\/api.github.com\/users\/danpros\/events{\/privacy}","received_events_url":"https:\/\/api.github.com\/users\/danpros\/received_events","type":"User","site_admin":false},"prerelease":false,"created_at":"2014-07-25T00:18:01Z","published_at":"2014-07-25T11:38:03Z","assets":[],"tarball_url":"https:\/\/api.github.com\/repos\/danpros\/htmly\/tarball\/v2.1","zipball_url":"https:\/\/api.github.com\/repos\/danpros\/htmly\/zipball\/v2.1","body":"This release contains many improvements, feature additions, and bugs fixes by @Kanti.\n- Auto-update\n- Bugs fixes\n- And much more\n\nSee his contributions [here](https:\/\/github.com\/danpros\/htmly\/commits\/master?author=Kanti).\n"}]